-- MySQL dump 10.13  Distrib 8.0.30, for Win64 (x86_64)
--
-- Host: localhost    Database: release_tool_2
-- ------------------------------------------------------
-- Server version	8.0.30

/*!40101 SET @OLD_CHARACTER_SET_CLIENT=@@CHARACTER_SET_CLIENT */;
/*!40101 SET @OLD_CHARACTER_SET_RESULTS=@@CHARACTER_SET_RESULTS */;
/*!40101 SET @OLD_COLLATION_CONNECTION=@@COLLATION_CONNECTION */;
/*!50503 SET NAMES utf8 */;
/*!40103 SET @OLD_TIME_ZONE=@@TIME_ZONE */;
/*!40103 SET TIME_ZONE='+00:00' */;
/*!40014 SET @OLD_UNIQUE_CHECKS=@@UNIQUE_CHECKS, UNIQUE_CHECKS=0 */;
/*!40014 SET @OLD_FOREIGN_KEY_CHECKS=@@FOREIGN_KEY_CHECKS, FOREIGN_KEY_CHECKS=0 */;
/*!40101 SET @OLD_SQL_MODE=@@SQL_MODE, SQL_MODE='NO_AUTO_VALUE_ON_ZERO' */;
/*!40111 SET @OLD_SQL_NOTES=@@SQL_NOTES, SQL_NOTES=0 */;

--
-- Table structure for table `environments`
--

DROP TABLE IF EXISTS `environments`;
/*!40101 SET @saved_cs_client     = @@character_set_client */;
/*!50503 SET character_set_client = utf8mb4 */;
CREATE TABLE `environments` (
  `id` bigint unsigned NOT NULL AUTO_INCREMENT,
  `project_id` bigint unsigned NOT NULL,
  `name` varchar(255) DEFAULT NULL,
  `baseurl` varchar(255) DEFAULT NULL,
  `description` text,
  `created_at` timestamp NULL DEFAULT NULL,
  `updated_at` timestamp NULL DEFAULT NULL,
  PRIMARY KEY (`id`),
  KEY `project_id` (`project_id`),
  CONSTRAINT `environments_ibfk_1` FOREIGN KEY (`project_id`) REFERENCES `projects` (`id`) ON DELETE CASCADE ON UPDATE CASCADE
) ENGINE=InnoDB AUTO_INCREMENT=35 DEFAULT CHARSET=utf8mb4 COLLATE=utf8mb4_0900_ai_ci;
/*!40101 SET character_set_client = @saved_cs_client */;

--
-- Dumping data for table `environments`
--

LOCK TABLES `environments` WRITE;
/*!40000 ALTER TABLE `environments` DISABLE KEYS */;
INSERT INTO `environments` VALUES (1,1,'Admin Mobile Production','https://app.playmoongu.net',NULL,NULL,NULL),(2,1,'Admin Mobile Staging','https://pm2.e777.biz/','Admin Mobile Staging',NULL,'2022-10-05 03:02:16'),(3,1,'Admin Mobile Test','https://pm.e777.biz','Admin Mobile Test',NULL,'2022-10-05 03:02:33'),(4,1,'User App Production','https://user.playmoongu.com',NULL,NULL,NULL),(5,1,'User App Staging','https://ua-staging.dev-enjoyworks.com',NULL,NULL,NULL),(6,1,'User App Test','https://ua-test.dev-enjoyworks.com',NULL,NULL,NULL),(11,1,'Admin Mobile (NP) Staging','https://np-mobile.playmoongu.net',NULL,NULL,NULL),(12,1,'Admin Mobile (NP) Test','https://np-mobile-test.playmoongu.net',NULL,NULL,NULL),(13,1,'User App (NP) Staging','https://np-app.playmoongu.net',NULL,NULL,NULL),(14,1,'User App (NP) Test','https://np-app-test.playmoongu.net','User App (NP) Test\nhttps://np-app-test.playmoongu.net',NULL,'2022-08-09 06:54:30'),(20,22,'Staging','https://m-itelligent-store.dev-enjoyworks.com','IoT NP Intelligent Store - Admin App','2022-08-22 07:25:43','2022-08-22 07:35:24'),(21,22,'Test','https://m-intelligent-store-test.dev-enjoyworks.com','IoT NP Intelligent Store - Admin App','2022-08-22 07:26:05','2022-08-24 02:20:34'),(22,23,'Staging','https://user-itelligent-store.dev-enjoyworks.com','IoT NP Intelligent Store - User app staging','2022-08-22 07:26:43','2022-08-22 07:38:06'),(23,23,'Test','https://user-itelligent-store-test.dev-enjoyworks.com','IoT NP Intelligent Store User Test','2022-08-22 07:31:40','2022-08-22 07:36:44'),(24,24,'Staging','https://iotnp.dev-enjoyworks.com','IoT App staging','2022-08-22 07:34:09','2022-08-22 07:34:09'),(25,24,'Test','https://iotnp-test.dev-enjoyworks.com','IoT Application Test','2022-08-22 07:34:38','2022-08-22 07:34:38'),(26,24,'Develop','https://iotnp-dev.dev-enjoyworks.com','IoT NP Develop','2022-08-22 07:35:00','2022-08-22 07:35:00'),(27,25,'Staging-Environment','https://conference.dev-enjoyworks.com/','Staging Environment','2022-08-23 05:59:46','2022-08-23 05:59:46'),(28,26,'Test','https://intelligent-store-test.dev-enjoyworks.com','test','2022-08-24 03:59:05','2022-08-24 03:59:05'),(29,27,'Staging','http://15.164.94.118:8080/','Web url: http://15.164.94.118/?gotoRegisterDelivery=\nAPI url: http://15.164.94.118:8080/','2022-08-30 06:29:45','2022-08-30 07:08:32'),(30,28,'Staging','https://sphokidz.dev-enjoyworks.com/','Web & API url: https://sphokidz.dev-enjoyworks.com/\nClient API: https://sphokidz.com/','2022-09-06 03:06:57','2022-09-06 03:06:57'),(31,29,'Dev','https://iotnp-dev.dev-enjoyworks.com/backend/','Develop server','2022-09-14 06:08:53','2022-09-14 06:08:53'),(32,29,'Staging','https://iotnp.dev-enjoyworks.com/','Staging server','2022-09-14 06:09:23','2022-09-14 06:09:23'),(33,29,'Test','https://iotnp-test.dev-enjoyworks.com/','Test server','2022-09-14 06:09:46','2022-09-14 06:09:46'),(34,30,'Demo','Demo','Demo','2022-10-04 09:36:23','2022-10-04 09:36:23');
/*!40000 ALTER TABLE `environments` ENABLE KEYS */;
UNLOCK TABLES;

--
-- Table structure for table `failed_jobs`
--

DROP TABLE IF EXISTS `failed_jobs`;
/*!40101 SET @saved_cs_client     = @@character_set_client */;
/*!50503 SET character_set_client = utf8mb4 */;
CREATE TABLE `failed_jobs` (
  `id` bigint unsigned NOT NULL AUTO_INCREMENT,
  `uuid` varchar(255) CHARACTER SET utf8mb4 COLLATE utf8mb4_unicode_ci NOT NULL,
  `connection` text CHARACTER SET utf8mb4 COLLATE utf8mb4_unicode_ci NOT NULL,
  `queue` text CHARACTER SET utf8mb4 COLLATE utf8mb4_unicode_ci NOT NULL,
  `payload` longtext CHARACTER SET utf8mb4 COLLATE utf8mb4_unicode_ci NOT NULL,
  `exception` longtext CHARACTER SET utf8mb4 COLLATE utf8mb4_unicode_ci NOT NULL,
  `failed_at` timestamp NOT NULL DEFAULT CURRENT_TIMESTAMP,
  PRIMARY KEY (`id`),
  UNIQUE KEY `failed_jobs_uuid_unique` (`uuid`)
) ENGINE=InnoDB DEFAULT CHARSET=utf8mb4 COLLATE=utf8mb4_unicode_ci;
/*!40101 SET character_set_client = @saved_cs_client */;

--
-- Dumping data for table `failed_jobs`
--

LOCK TABLES `failed_jobs` WRITE;
/*!40000 ALTER TABLE `failed_jobs` DISABLE KEYS */;
/*!40000 ALTER TABLE `failed_jobs` ENABLE KEYS */;
UNLOCK TABLES;

--
-- Table structure for table `migrations`
--

DROP TABLE IF EXISTS `migrations`;
/*!40101 SET @saved_cs_client     = @@character_set_client */;
/*!50503 SET character_set_client = utf8mb4 */;
CREATE TABLE `migrations` (
  `id` int unsigned NOT NULL AUTO_INCREMENT,
  `migration` varchar(255) CHARACTER SET utf8mb4 COLLATE utf8mb4_unicode_ci NOT NULL,
  `batch` int NOT NULL,
  PRIMARY KEY (`id`)
) ENGINE=InnoDB AUTO_INCREMENT=10 DEFAULT CHARSET=utf8mb4 COLLATE=utf8mb4_unicode_ci;
/*!40101 SET character_set_client = @saved_cs_client */;

--
-- Dumping data for table `migrations`
--

LOCK TABLES `migrations` WRITE;
/*!40000 ALTER TABLE `migrations` DISABLE KEYS */;
INSERT INTO `migrations` VALUES (1,'2014_10_12_000000_create_users_table',1),(2,'2014_10_12_100000_create_password_resets_table',1),(3,'2016_06_01_000001_create_oauth_auth_codes_table',1),(4,'2016_06_01_000002_create_oauth_access_tokens_table',1),(5,'2016_06_01_000003_create_oauth_refresh_tokens_table',1),(6,'2016_06_01_000004_create_oauth_clients_table',1),(7,'2016_06_01_000005_create_oauth_personal_access_clients_table',1),(8,'2019_08_19_000000_create_failed_jobs_table',1),(9,'2019_12_14_000001_create_personal_access_tokens_table',1);
/*!40000 ALTER TABLE `migrations` ENABLE KEYS */;
UNLOCK TABLES;

--
-- Table structure for table `oauth_access_tokens`
--

DROP TABLE IF EXISTS `oauth_access_tokens`;
/*!40101 SET @saved_cs_client     = @@character_set_client */;
/*!50503 SET character_set_client = utf8mb4 */;
CREATE TABLE `oauth_access_tokens` (
  `id` varchar(100) CHARACTER SET utf8mb4 COLLATE utf8mb4_unicode_ci NOT NULL,
  `user_id` bigint unsigned DEFAULT NULL,
  `client_id` bigint unsigned NOT NULL,
  `name` varchar(255) CHARACTER SET utf8mb4 COLLATE utf8mb4_unicode_ci DEFAULT NULL,
  `scopes` text CHARACTER SET utf8mb4 COLLATE utf8mb4_unicode_ci,
  `revoked` tinyint(1) NOT NULL,
  `created_at` timestamp NULL DEFAULT NULL,
  `updated_at` timestamp NULL DEFAULT NULL,
  `expires_at` datetime DEFAULT NULL,
  PRIMARY KEY (`id`),
  KEY `oauth_access_tokens_user_id_index` (`user_id`)
) ENGINE=InnoDB DEFAULT CHARSET=utf8mb4 COLLATE=utf8mb4_unicode_ci;
/*!40101 SET character_set_client = @saved_cs_client */;

--
-- Dumping data for table `oauth_access_tokens`
--

LOCK TABLES `oauth_access_tokens` WRITE;
/*!40000 ALTER TABLE `oauth_access_tokens` DISABLE KEYS */;
INSERT INTO `oauth_access_tokens` VALUES ('06a83702a17162cd12eb84f9cb02c32585ddf4040dbaaecc7108fb93e48cfb2b9742789394377f91',2,5,'user','[]',0,'2022-08-04 03:57:54','2022-08-04 03:57:54','2023-08-04 03:57:54'),('0b3c89f8417f7db4f24ef31852b659aa54206543eb8a526277c56216486c00014899f659317d6270',2,5,'user','[]',0,'2022-08-05 03:07:33','2022-08-05 03:07:33','2023-08-05 03:07:33'),('0c14fde0247488c4c1a24f6f7f425c853b602e538497748797d2ae34ceed23ab3c5173fef848f35c',1,1,'user','[]',0,'2022-08-02 13:27:09','2022-08-02 13:27:09','2023-08-02 13:27:09'),('1b041b9f5299f77bcc979aa89fd599f90ff29e8c43145b7a96029711496f6a22091c3ad536b4014e',2,5,'user','[]',0,'2022-08-05 02:50:52','2022-08-05 02:50:52','2023-08-05 02:50:52'),('1c50c5e8008e74dbe99da1d08a968cfbcb472a7a05df8c6ecc11ac4b2d71ecf3ec7aaf5ee2a9b34c',1,3,'user','[]',0,'2022-08-02 13:57:33','2022-08-02 13:57:33','2023-08-02 13:57:33'),('260740fea44c57b84d8dc089b0c47410f37eebb6f19f7a558e8083415367baaae8cbe120a2a47cfe',1,3,'user','[]',0,'2022-08-03 03:10:22','2022-08-03 03:10:22','2023-08-03 03:10:22'),('2c9e12d2baebd6ecc2e0cc5d05ce6db1128db7fabcbd96dd81f000a08fe0d6d521e0e598f6d851ec',2,5,'user','[]',0,'2022-08-04 03:50:57','2022-08-04 03:50:57','2023-08-04 03:50:57'),('3393e30422cfe30f4febbc29a319f44a37fb385ce014def031bcba3814331b5ea3dfe8af9f25e30b',2,5,'user','[]',0,'2022-08-05 02:27:18','2022-08-05 02:27:18','2023-08-05 02:27:18'),('41d891ec420d0371427290b4db39a3f08eb02f8f69af0a812e9aeec12e53e4dcae5aefabb87fabb2',2,5,'user','[]',0,'2022-08-04 04:07:58','2022-08-04 04:07:58','2023-08-04 04:07:58'),('4b42a78f1458e85d01db2bba5242740ab49f5f80a45cda0d493227aee45ec401346d98067516e5a1',1,3,'user','[]',0,'2022-08-03 01:35:47','2022-08-03 01:35:47','2023-08-03 01:35:47'),('5058d4bc6c42a2c4c848169d020d5904c0e88b1e5c546e480272b34186d2b17344252315b9d512fc',1,1,'user','[]',1,'2022-08-02 13:19:54','2022-08-02 13:19:54','2023-08-02 13:19:54'),('507411f046e72644072d58846993cc4ba84508f78136bf9b4d9952fc05b337ab2a9361f34d0ef591',2,5,'user','[]',0,'2022-08-04 07:11:50','2022-08-04 07:11:50','2023-08-04 07:11:50'),('515e9381bed25b7e1e88d208016f83d0f1ad5927d60b64631abe3f17dc484b81a959c1db182c76f2',2,7,'user','[]',0,'2022-08-08 01:48:47','2022-08-08 01:48:47','2023-08-08 01:48:47'),('53f05d3131f8bb5afa25ade308d705d847e339e26940d6e7a40c42800e7a1887baf4c5c5d0f59649',2,5,'user','[]',0,'2022-08-05 02:36:21','2022-08-05 02:36:21','2023-08-05 02:36:21'),('606adce6a4ce2e37c44ce710f5afb458ab657b25ef2a0258ec2e86de089062028f073ceb72b8f03c',1,3,'user','[]',0,'2022-08-03 08:47:29','2022-08-03 08:47:29','2023-08-03 08:47:29'),('60a1c51360c7213507ed2edd4ff59d996f62650a847c535416277f7111afeec5c3e2ea6aeaef5edb',2,5,'user','[]',0,'2022-08-04 07:22:10','2022-08-04 07:22:10','2023-08-04 07:22:10'),('63472185c7e43c0337306c56835312550a7a2501355f1ee7b7631eeba2bc6a86ac5f209054025ff8',2,5,'user','[]',0,'2022-08-04 06:44:10','2022-08-04 06:44:10','2023-08-04 06:44:10'),('63f643cfd22c9819e82c61832638b68f49fda4b0853fa3ee2caebda102037f469b18620269b60b55',2,5,'user','[]',0,'2022-08-04 04:11:50','2022-08-04 04:11:50','2023-08-04 04:11:50'),('65c106b22803181a51b1813f06a5d9e7037073f459018a55e2ebd418af87a3f8f7e32035db2d4b6e',2,7,'user','[]',0,'2022-08-08 01:33:20','2022-08-08 01:33:20','2023-08-08 01:33:20'),('6b7d2a80d1f4cc49967524beb6ad3b49c3ce91931f8d84a2c9c964261bc72f97d105456e9a0753de',2,5,'user','[]',0,'2022-08-04 03:45:59','2022-08-04 03:45:59','2023-08-04 03:45:59'),('747200e6249c48c2fc959bd38bffe242057637c6a1e0789a2989e53dae32260e5e9114b8a2c26604',2,5,'user','[]',0,'2022-08-04 06:01:14','2022-08-04 06:01:14','2023-08-04 06:01:14'),('74e56e4ff0a9c789ea0bd81d7e16f468d5ff9f19f2187cb169eef3f6b88453884ab0197e8c3b697e',2,5,'user','[]',0,'2022-08-04 07:09:49','2022-08-04 07:09:49','2023-08-04 07:09:49'),('7a95d94e6f4c039666e9796303d4c73a21e82557d097710249e3f3c6f316f87e710bc5805f7519b6',1,1,'user','[]',0,'2022-08-02 13:19:38','2022-08-02 13:19:38','2023-08-02 13:19:38'),('7aa1f959a1055bafa8bfc1cd2a516197a69a21f28ee32060c46614c18fa1843a7280997adae59b1f',2,5,'user','[]',0,'2022-08-05 03:50:19','2022-08-05 03:50:19','2023-08-05 03:50:19'),('7b55b8735220900a53cd3785cdd919babc52ba2c3de841d77ebda27c355a713e414136ae96734bd8',2,5,'user','[]',0,'2022-08-05 02:32:29','2022-08-05 02:32:29','2023-08-05 02:32:29'),('7c6e62ba5f0e8e2ce3f2fe4345af8b7d21bce7136c34a79bf18ac97d5e14c1d893562f38773fdebf',2,5,'user','[]',0,'2022-08-04 07:41:36','2022-08-04 07:41:36','2023-08-04 07:41:36'),('7e35c21ba8615019c2ae658706d955911c83c89061b9d6a1cf1e2ca43a69560f33353939a8f14036',2,5,'user','[]',0,'2022-08-05 02:52:42','2022-08-05 02:52:42','2023-08-05 02:52:42'),('86bc4fc180dfc75e7cb016e0f93648dd6ac0e3a4f47263482870ffbeffc7492f7a61fce21a8b86b4',1,3,'user','[]',0,'2022-08-03 02:33:51','2022-08-03 02:33:51','2023-08-03 02:33:51'),('87afb3f283ce82461333478057e5f5bfc89b0a1803f8bc7dd197e6b2cfef276b5100c48e40dcf4e2',1,3,'user','[]',0,'2022-08-03 09:26:18','2022-08-03 09:26:18','2023-08-03 09:26:18'),('8a3d258d0ffaba40041744588f8ce19067db877580e8feccc26059a90507bb3cd5c8cf2c9566e4cc',2,5,'user','[]',0,'2022-08-04 06:10:08','2022-08-04 06:10:08','2023-08-04 06:10:08'),('8bc50ec7797b345f748519a1483a694f526c03bf21034c2c7972f7f15435e4d0d88ec5412fd74763',1,1,'user','[]',0,'2022-08-02 09:12:39','2022-08-02 09:12:39','2023-08-02 09:12:39'),('8e1132f57985a5d8cd40be03df217d9a45819d9d0d4d3786188c1ad42670a3e6ca6bf1c11e167cb9',1,5,'user','[]',0,'2022-08-05 03:15:59','2022-08-05 03:15:59','2023-08-05 03:15:59'),('8f53be679c8b085ec0b0c088a1481f0c8d9c5ae8bf914abfc93c83ab553da0dc560b1ee8ca2688df',2,5,'user','[]',0,'2022-08-04 06:09:33','2022-08-04 06:09:33','2023-08-04 06:09:33'),('91201b4a2485a366219b35ad1f20d77918b7397d8e6a9bcae10c2a408715f8f4d7255e8e8b6ec33a',2,5,'user','[]',0,'2022-08-04 06:43:30','2022-08-04 06:43:30','2023-08-04 06:43:30'),('a0f8d33bae9888417c0b3c575e3985796872b7309d907ca99ed31f2268d5e806d80d2a206a9f3956',2,5,'user','[]',0,'2022-08-05 02:52:32','2022-08-05 02:52:32','2023-08-05 02:52:32'),('a189ed217497de9f6ae6e836ee1f7594b7a06778fd8a2a466e409b0da9b6d76274083c91d3130ded',1,5,'user','[]',0,'2022-08-05 07:57:37','2022-08-05 07:57:37','2023-08-05 07:57:37'),('a42d7dd7ab4e54a64f8009913135c1a79e1e618d07ef2415774ed7fe0bfaf1afbe4389744945fb99',2,5,'user','[]',0,'2022-08-04 06:04:35','2022-08-04 06:04:35','2023-08-04 06:04:35'),('a8647bd215d02e5d76bb711574ab5b690a2076050cb1215e7c6cbda7a2727d3b679b8bdf92f0ddbe',1,3,'user','[]',0,'2022-08-03 03:39:11','2022-08-03 03:39:11','2023-08-03 03:39:11'),('b07a4451d58bf1e7457e4ccf2193237fe19309a8ed8446b107a940c34edae275166d350313d5ecbc',2,7,'user','[]',0,'2022-08-08 04:23:20','2022-08-08 04:23:20','2023-08-08 04:23:20'),('b6f4b7c56e23e774a1a397369e85a6d225a2c643b20862ddd97cc208843d4f763f94a100925b059a',2,5,'user','[]',0,'2022-08-05 03:42:10','2022-08-05 03:42:10','2023-08-05 03:42:10'),('c39d5c573204ae6d71cdf1ef7bad5c24897e2253559ef29599a89706b45ff4f78a123651c67c22a9',2,3,'user','[]',0,'2022-08-03 08:42:33','2022-08-03 08:42:33','2023-08-03 08:42:33'),('cb538f462c1aeb0ffbf2732673a2e9d33b405b7cb0444b6fce9dae19374a5a566a7733810daebe06',2,5,'user','[]',0,'2022-08-04 04:09:47','2022-08-04 04:09:47','2023-08-04 04:09:47'),('d382447fc2a8e99618df166b46377789b7ec5674eb8d985137185fdc95760eb31d318d2df40a174f',2,5,'user','[]',0,'2022-08-04 03:52:33','2022-08-04 03:52:33','2023-08-04 03:52:33'),('d910d5bdb711b85aaacd5185ce3d4940300f8c20faba65bef96f7ba4bcab5aba43fbadfb23394967',2,5,'user','[]',0,'2022-08-05 02:36:47','2022-08-05 02:36:47','2023-08-05 02:36:47'),('d98f4f2e63dff2d0ce3fd04e2cba8e7906765b86967ad6fd47c0df2ab07b9488042699f34168177e',2,5,'user','[]',0,'2022-08-04 06:03:52','2022-08-04 06:03:52','2023-08-04 06:03:52'),('e2c0c1983cbd1265fcacd878d17ecc83f73f8f492bbe4d755ba5ab1a9f5279860c0072e215b09cd5',2,5,'user','[]',0,'2022-08-04 08:47:07','2022-08-04 08:47:07','2023-08-04 08:47:07'),('e7c56bb9ab24affbf141a3a024b4d0b574626a24c2f8858cecb33c445a3e26e90c65f0433e15cf1f',1,5,'user','[]',0,'2022-08-05 07:43:44','2022-08-05 07:43:44','2023-08-05 07:43:44'),('f1af6e8b15776a7c3574738d726362cfb05dc906aa31f3b3f87bc8c295a9355054d7e83215568b7b',1,3,'user','[]',0,'2022-08-02 13:59:03','2022-08-02 13:59:03','2023-08-02 13:59:03'),('f6792ef500917ad165a76c87e70a418c81f54556be6ad4866767e52972842431f9bfdc043c8e955f',1,1,'user','[]',0,'2022-08-02 13:18:21','2022-08-02 13:18:21','2023-08-02 13:18:21'),('f8dce4a444e7f09af42a00d1470046f24d7a83217f99aef9be6b565eeb44a9c04ae81d8c16428ba6',2,5,'user','[]',0,'2022-08-05 02:35:43','2022-08-05 02:35:43','2023-08-05 02:35:43'),('fde64ee67daa662fccc3329ca7f4636394739d384e29e6b171ed3a660c81797e6108a6aee5f48219',1,3,'user','[]',0,'2022-08-03 09:08:38','2022-08-03 09:08:38','2023-08-03 09:08:38');
/*!40000 ALTER TABLE `oauth_access_tokens` ENABLE KEYS */;
UNLOCK TABLES;

--
-- Table structure for table `oauth_auth_codes`
--

DROP TABLE IF EXISTS `oauth_auth_codes`;
/*!40101 SET @saved_cs_client     = @@character_set_client */;
/*!50503 SET character_set_client = utf8mb4 */;
CREATE TABLE `oauth_auth_codes` (
  `id` varchar(100) CHARACTER SET utf8mb4 COLLATE utf8mb4_unicode_ci NOT NULL,
  `user_id` bigint unsigned NOT NULL,
  `client_id` bigint unsigned NOT NULL,
  `scopes` text CHARACTER SET utf8mb4 COLLATE utf8mb4_unicode_ci,
  `revoked` tinyint(1) NOT NULL,
  `expires_at` datetime DEFAULT NULL,
  PRIMARY KEY (`id`),
  KEY `oauth_auth_codes_user_id_index` (`user_id`)
) ENGINE=InnoDB DEFAULT CHARSET=utf8mb4 COLLATE=utf8mb4_unicode_ci;
/*!40101 SET character_set_client = @saved_cs_client */;

--
-- Dumping data for table `oauth_auth_codes`
--

LOCK TABLES `oauth_auth_codes` WRITE;
/*!40000 ALTER TABLE `oauth_auth_codes` DISABLE KEYS */;
/*!40000 ALTER TABLE `oauth_auth_codes` ENABLE KEYS */;
UNLOCK TABLES;

--
-- Table structure for table `oauth_clients`
--

DROP TABLE IF EXISTS `oauth_clients`;
/*!40101 SET @saved_cs_client     = @@character_set_client */;
/*!50503 SET character_set_client = utf8mb4 */;
CREATE TABLE `oauth_clients` (
  `id` bigint unsigned NOT NULL AUTO_INCREMENT,
  `user_id` bigint unsigned DEFAULT NULL,
  `name` varchar(255) CHARACTER SET utf8mb4 COLLATE utf8mb4_unicode_ci NOT NULL,
  `secret` varchar(100) CHARACTER SET utf8mb4 COLLATE utf8mb4_unicode_ci DEFAULT NULL,
  `provider` varchar(255) CHARACTER SET utf8mb4 COLLATE utf8mb4_unicode_ci DEFAULT NULL,
  `redirect` text CHARACTER SET utf8mb4 COLLATE utf8mb4_unicode_ci NOT NULL,
  `personal_access_client` tinyint(1) NOT NULL,
  `password_client` tinyint(1) NOT NULL,
  `revoked` tinyint(1) NOT NULL,
  `created_at` timestamp NULL DEFAULT NULL,
  `updated_at` timestamp NULL DEFAULT NULL,
  PRIMARY KEY (`id`),
  KEY `oauth_clients_user_id_index` (`user_id`)
) ENGINE=InnoDB AUTO_INCREMENT=9 DEFAULT CHARSET=utf8mb4 COLLATE=utf8mb4_unicode_ci;
/*!40101 SET character_set_client = @saved_cs_client */;

--
-- Dumping data for table `oauth_clients`
--

LOCK TABLES `oauth_clients` WRITE;
/*!40000 ALTER TABLE `oauth_clients` DISABLE KEYS */;
INSERT INTO `oauth_clients` VALUES (1,NULL,'Laravel Personal Access Client','XGDG1bY8mKaLfnkcsbzDoXRhaHLhR5XwIzHMYYbu',NULL,'http://localhost',1,0,0,'2022-08-02 09:10:10','2022-08-02 09:10:10'),(2,NULL,'Laravel Password Grant Client','w1y9PeR5byOyLs4UtWlRBKMqbzSXZUgKc9Ovq0Ba','users','http://localhost',0,1,0,'2022-08-02 09:10:10','2022-08-02 09:10:10'),(3,NULL,'Laravel Personal Access Client','xWiaiAh5JWNw9loVxQEG3RJwvxnWB6jCzGfqvwnf',NULL,'http://localhost',1,0,0,'2022-08-02 13:51:05','2022-08-02 13:51:05'),(4,NULL,'Laravel Password Grant Client','dnuPSUXoJiOfNb7AxUVcOGXUXpcAEkDrMafU0ofR','users','http://localhost',0,1,0,'2022-08-02 13:51:05','2022-08-02 13:51:05'),(5,NULL,'Laravel Personal Access Client','pGfX96JyiEPVSCkhFBTAOIoTmympJJqWbRyBv5TV',NULL,'http://localhost',1,0,0,'2022-08-04 03:45:54','2022-08-04 03:45:54'),(6,NULL,'Laravel Password Grant Client','GorZLsl9nk5qvXSngdnLf6nJGuLg49l9LHTakg4r','users','http://localhost',0,1,0,'2022-08-04 03:45:54','2022-08-04 03:45:54'),(7,NULL,'Laravel Personal Access Client','nidJRWUz7BU5LxomsmloUiAOoAXgeMGZ77jADuQI',NULL,'http://localhost',1,0,0,'2022-08-06 02:38:53','2022-08-06 02:38:53'),(8,NULL,'Laravel Password Grant Client','V7CgMwIABC645MmwSmxzdtltAi9xsg9KvQtULGG9','users','http://localhost',0,1,0,'2022-08-06 02:38:53','2022-08-06 02:38:53');
/*!40000 ALTER TABLE `oauth_clients` ENABLE KEYS */;
UNLOCK TABLES;

--
-- Table structure for table `oauth_personal_access_clients`
--

DROP TABLE IF EXISTS `oauth_personal_access_clients`;
/*!40101 SET @saved_cs_client     = @@character_set_client */;
/*!50503 SET character_set_client = utf8mb4 */;
CREATE TABLE `oauth_personal_access_clients` (
  `id` bigint unsigned NOT NULL AUTO_INCREMENT,
  `client_id` bigint unsigned NOT NULL,
  `created_at` timestamp NULL DEFAULT NULL,
  `updated_at` timestamp NULL DEFAULT NULL,
  PRIMARY KEY (`id`)
) ENGINE=InnoDB AUTO_INCREMENT=5 DEFAULT CHARSET=utf8mb4 COLLATE=utf8mb4_unicode_ci;
/*!40101 SET character_set_client = @saved_cs_client */;

--
-- Dumping data for table `oauth_personal_access_clients`
--

LOCK TABLES `oauth_personal_access_clients` WRITE;
/*!40000 ALTER TABLE `oauth_personal_access_clients` DISABLE KEYS */;
INSERT INTO `oauth_personal_access_clients` VALUES (1,1,'2022-08-02 09:10:10','2022-08-02 09:10:10'),(2,3,'2022-08-02 13:51:05','2022-08-02 13:51:05'),(3,5,'2022-08-04 03:45:54','2022-08-04 03:45:54'),(4,7,'2022-08-06 02:38:53','2022-08-06 02:38:53');
/*!40000 ALTER TABLE `oauth_personal_access_clients` ENABLE KEYS */;
UNLOCK TABLES;

--
-- Table structure for table `oauth_refresh_tokens`
--

DROP TABLE IF EXISTS `oauth_refresh_tokens`;
/*!40101 SET @saved_cs_client     = @@character_set_client */;
/*!50503 SET character_set_client = utf8mb4 */;
CREATE TABLE `oauth_refresh_tokens` (
  `id` varchar(100) CHARACTER SET utf8mb4 COLLATE utf8mb4_unicode_ci NOT NULL,
  `access_token_id` varchar(100) CHARACTER SET utf8mb4 COLLATE utf8mb4_unicode_ci NOT NULL,
  `revoked` tinyint(1) NOT NULL,
  `expires_at` datetime DEFAULT NULL,
  PRIMARY KEY (`id`),
  KEY `oauth_refresh_tokens_access_token_id_index` (`access_token_id`)
) ENGINE=InnoDB DEFAULT CHARSET=utf8mb4 COLLATE=utf8mb4_unicode_ci;
/*!40101 SET character_set_client = @saved_cs_client */;

--
-- Dumping data for table `oauth_refresh_tokens`
--

LOCK TABLES `oauth_refresh_tokens` WRITE;
/*!40000 ALTER TABLE `oauth_refresh_tokens` DISABLE KEYS */;
/*!40000 ALTER TABLE `oauth_refresh_tokens` ENABLE KEYS */;
UNLOCK TABLES;

--
-- Table structure for table `password_resets`
--

DROP TABLE IF EXISTS `password_resets`;
/*!40101 SET @saved_cs_client     = @@character_set_client */;
/*!50503 SET character_set_client = utf8mb4 */;
CREATE TABLE `password_resets` (
  `email` varchar(255) CHARACTER SET utf8mb4 COLLATE utf8mb4_unicode_ci NOT NULL,
  `token` varchar(255) CHARACTER SET utf8mb4 COLLATE utf8mb4_unicode_ci NOT NULL,
  `created_at` timestamp NULL DEFAULT NULL,
  KEY `password_resets_email_index` (`email`)
) ENGINE=InnoDB DEFAULT CHARSET=utf8mb4 COLLATE=utf8mb4_unicode_ci;
/*!40101 SET character_set_client = @saved_cs_client */;

--
-- Dumping data for table `password_resets`
--

LOCK TABLES `password_resets` WRITE;
/*!40000 ALTER TABLE `password_resets` DISABLE KEYS */;
/*!40000 ALTER TABLE `password_resets` ENABLE KEYS */;
UNLOCK TABLES;

--
-- Table structure for table `personal_access_tokens`
--

DROP TABLE IF EXISTS `personal_access_tokens`;
/*!40101 SET @saved_cs_client     = @@character_set_client */;
/*!50503 SET character_set_client = utf8mb4 */;
CREATE TABLE `personal_access_tokens` (
  `id` bigint unsigned NOT NULL AUTO_INCREMENT,
  `tokenable_type` varchar(255) CHARACTER SET utf8mb4 COLLATE utf8mb4_unicode_ci NOT NULL,
  `tokenable_id` bigint unsigned NOT NULL,
  `name` varchar(255) CHARACTER SET utf8mb4 COLLATE utf8mb4_unicode_ci NOT NULL,
  `token` varchar(64) CHARACTER SET utf8mb4 COLLATE utf8mb4_unicode_ci NOT NULL,
  `abilities` text CHARACTER SET utf8mb4 COLLATE utf8mb4_unicode_ci,
  `last_used_at` timestamp NULL DEFAULT NULL,
  `created_at` timestamp NULL DEFAULT NULL,
  `updated_at` timestamp NULL DEFAULT NULL,
  PRIMARY KEY (`id`),
  UNIQUE KEY `personal_access_tokens_token_unique` (`token`),
  KEY `personal_access_tokens_tokenable_type_tokenable_id_index` (`tokenable_type`,`tokenable_id`)
) ENGINE=InnoDB DEFAULT CHARSET=utf8mb4 COLLATE=utf8mb4_unicode_ci;
/*!40101 SET character_set_client = @saved_cs_client */;

--
-- Dumping data for table `personal_access_tokens`
--

LOCK TABLES `personal_access_tokens` WRITE;
/*!40000 ALTER TABLE `personal_access_tokens` DISABLE KEYS */;
/*!40000 ALTER TABLE `personal_access_tokens` ENABLE KEYS */;
UNLOCK TABLES;

--
-- Table structure for table `projects`
--

DROP TABLE IF EXISTS `projects`;
/*!40101 SET @saved_cs_client     = @@character_set_client */;
/*!50503 SET character_set_client = utf8mb4 */;
CREATE TABLE `projects` (
  `id` bigint unsigned NOT NULL AUTO_INCREMENT,
  `name` varchar(255) NOT NULL,
  `giturl` varchar(255) DEFAULT NULL,
  `description` text,
  `created_at` timestamp NULL DEFAULT NULL,
  `updated_at` timestamp NULL DEFAULT NULL,
  PRIMARY KEY (`id`)
) ENGINE=InnoDB AUTO_INCREMENT=31 DEFAULT CHARSET=utf8mb4 COLLATE=utf8mb4_0900_ai_ci;
/*!40101 SET character_set_client = @saved_cs_client */;

--
-- Dumping data for table `projects`
--

LOCK TABLES `projects` WRITE;
/*!40000 ALTER TABLE `projects` DISABLE KEYS */;
INSERT INTO `projects` VALUES (1,'Playmoonguya','https://github.com/facebook/react/','A declarative, efficient, and flexible JavaScript library for building user interfaces.',NULL,NULL),(22,'IoT NP - Intelligent Store - Admin','https://code.e777.kr/iot-np/intelligent/intelligent-store-backend','IoT NP - Intelligent Store - Admin','2022-08-22 07:20:42','2022-08-22 07:20:42'),(23,'IoT NP - Intelligent Store - User','https://code.e777.kr/iot-np/intelligent/intelligent-store-user-app','IoT NP - Intelligent Store - User','2022-08-22 07:21:15','2022-08-22 07:21:15'),(24,'IoT NP - IoT Application','https://code.e777.kr/iot-np/iot-application','IoT NP - IoT Application','2022-08-22 07:32:54','2022-08-22 07:32:54'),(25,'Conference Room Reservation','https://code.e777.kr/conference-room-reservation','Application build file for Conference Room Reservation project','2022-08-23 05:30:28','2022-08-23 05:30:28'),(26,'IoT NP - Intelligent Store - Kiosk','https://code.e777.kr/iot-np/','IoT NP - Intelligent Store - Kiosk','2022-08-24 03:56:34','2022-08-24 03:56:34'),(27,'GoodTraepay','https://code.e777.kr/Buyeo','GoodTraepay','2022-08-30 06:28:39','2022-08-30 06:28:39'),(28,'Sphokidz','https://code.e777.kr/sphokiz2022','Download and Install build file','2022-09-06 03:05:41','2022-09-06 03:05:41'),(29,'IOT Admin - NFC','https://code.e777.kr/iot-np/iot-application','IOT application admin NFC','2022-09-14 06:04:09','2022-09-14 06:04:09'),(30,'Jinan','https://code.e777.kr/civil-kiosk','Jinan','2022-10-04 09:35:53','2022-10-04 09:35:53');
/*!40000 ALTER TABLE `projects` ENABLE KEYS */;
UNLOCK TABLES;

--
-- Table structure for table `releases`
--

DROP TABLE IF EXISTS `releases`;
/*!40101 SET @saved_cs_client     = @@character_set_client */;
/*!50503 SET character_set_client = utf8mb4 */;
CREATE TABLE `releases` (
  `id` bigint unsigned NOT NULL AUTO_INCREMENT,
  `project_id` bigint unsigned NOT NULL,
  `env_id` bigint unsigned NOT NULL,
  `platform` enum('android','ios','windows') NOT NULL,
  `version` varchar(255) DEFAULT NULL,
  `title` varchar(255) DEFAULT NULL,
  `note` text,
  `bundle` json DEFAULT NULL,
  `creator` bigint unsigned DEFAULT NULL,
  `created_at` timestamp NULL DEFAULT NULL,
  `updated_at` timestamp NULL DEFAULT NULL,
  PRIMARY KEY (`id`),
  KEY `project_id` (`project_id`),
  KEY `env_id` (`env_id`),
  CONSTRAINT `releases_ibfk_1` FOREIGN KEY (`project_id`) REFERENCES `projects` (`id`) ON DELETE CASCADE ON UPDATE CASCADE,
  CONSTRAINT `releases_ibfk_2` FOREIGN KEY (`env_id`) REFERENCES `environments` (`id`) ON DELETE CASCADE ON UPDATE CASCADE
) ENGINE=InnoDB AUTO_INCREMENT=347 DEFAULT CHARSET=utf8mb4 COLLATE=utf8mb4_0900_ai_ci;
/*!40101 SET character_set_client = @saved_cs_client */;

--
-- Dumping data for table `releases`
--

LOCK TABLES `releases` WRITE;
/*!40000 ALTER TABLE `releases` DISABLE KEYS */;
INSERT INTO `releases` VALUES (44,1,1,'android',NULL,'Release title *','Cập nhật thông tin từ bạn bè nhanh chóng hơn bao giờ hết.\r\n\r\n• Xem bạn bè đang làm gì\r\n• Chia sẻ cập nhật, ảnh và video\r\n• Nhận thông báo khi bạn bè thích và bình luận về bài viết của bạn\r\n• Chơi trò chơi và sử dụng các ứng dụng yêu thích\r\n• Mua và bán tại địa phương trên Facebook Marketplace\r\n\r\nGiờ bạn có thể truy cập sớm phiên bản Facebook dành cho Android tiếp theo bằng cách trở thành người dùng thử beta. Tìm hiểu cách thức đăng ký, gửi phản hồi và rời khỏi chương trình tại Trung tâm trợ giúp của chúng tôi: [http://on.fb.me/133NwuP]\r\n\r\nXảy ra sự cố khi tải xuống hoặc cài đặt ứng dụng? Xem http://bit.ly/GPDownload1\r\nNếu vẫn cần trợ giúp? Vui lòng cho chúng tôi biết thêm về vấn đề. http://bit.ly/invalidpackage\r\n\r\nFacebook chỉ khả dụng đối với người dùng từ 13 tuổi trở lên.\r\nĐiều khoản dịch vụ: http://m.facebook.com/terms.php.\r\n','{\"apk\": \"/release/44/03가을.png\"}',NULL,'2022-08-09 01:29:43','2022-08-09 01:29:43'),(48,1,2,'android','v1.09.220707','dsdsadsdasdadsa','Lorem ipsum dolor sit amet, consectetur adipiscing elit. Etiam mattis quam feugiat, ultricies tortor sit amet, lobortis erat. Duis et commodo leo. Donec sagittis, nulla vel varius blandit, elit dui congue dui, non posuere ligula leo sit amet dui. Nam pellentesque nibh a nibh vehicula ultricies. Nam pulvinar tortor ac justo hendrerit, id suscipit augue feugiat. Aenean tempus ex a tristique sollicitudin. Pellentesque lacinia, orci at vestibulum faucibus, tellus ex interdum mauris, laoreet finibus leo sapien vel metus. Praesent interdum leo vulputate diam eleifend gravida. In a mauris rutrum, faucibus massa quis, maximus augue. Vestibulum at neque nulla. Quisque placerat sed arcu et blandit. Maecenas ut nulla massa. Aliquam erat volutpat. Praesent tempor luctus mi in blandit.\r\n\r\nProin eleifend arcu vitae consequat rutrum. Ut ac condimentum odio. Aliquam vulputate non sapien eget suscipit. Sed ut justo ligula. Aliquam fringilla neque ut nisi vulputate, nec scelerisque odio auctor. Fusce vel suscipit sapien, id fermentum metus. In semper, dolor in placerat eleifend, velit nulla ultrices ex, et maximus velit tellus non felis. Donec ultrices, nisl id feugiat iaculis, lectus leo pellentesque eros, et maximus mauris neque et ante. Phasellus vel ornare ligula. Vestibulum ut convallis nisl, vel aliquet arcu. Proin fringilla, nulla eu condimentum sollicitudin, libero augue congue ligula, id condimentum nulla diam ac orci.\r\n\r\nQuisque vel tortor sollicitudin, posuere diam eget, faucibus metus. Pellentesque elementum metus vel neque ornare porttitor. Curabitur suscipit nisi id ipsum suscipit faucibus. Nullam et auctor nibh. In egestas egestas nunc non fermentum. Aenean vel vehicula libero. Sed in bibendum nibh. Donec lobortis fringilla interdum. Vivamus dapibus sit amet sem sit amet sagittis. In ac eros ac odio vehicula ultricies non nec ipsum. Vestibulum fringilla porta ligula blandit tincidunt. Quisque finibus odio urna, mollis pretium nulla dignissim nec. In in vehicula ex. Sed at lectus purus. Morbi vel mi lacus. Suspendisse ut imperdiet urna.\r\n\r\nVestibulum venenatis ut sapien vitae pulvinar. Donec maximus, lorem quis aliquet aliquam, neque odio commodo turpis, vel interdum lorem tortor ut dui. Morbi et nunc sed arcu gravida sollicitudin non quis justo. Quisque vitae feugiat sapien. Donec aliquam commodo ante ut gravida. Nullam in enim ac urna euismod iaculis. Praesent eget viverra urna, malesuada convallis augue.\r\n\r\nOrci varius natoque penatibus et magnis dis parturient montes, nascetur ridiculus mus. Nunc et imperdiet nibh. Quisque efficitur iaculis enim non ornare. Integer ultricies convallis quam, at volutpat sapien pretium scelerisque. Vivamus porttitor, ex quis ullamcorper semper, enim ipsum ultrices lacus, id congue tortor dolor in mi. Donec elementum erat placerat sapien hendrerit, eu ultricies orci commodo. Vivamus in magna tempus, finibus nunc ac, finibus risus. Aliquam porta fringilla orci ac ullamcorper.','{}',NULL,'2022-08-12 05:50:52','2022-08-12 05:50:52'),(49,1,3,'ios','v1.09.220707','sdadsadsadsadsda','Lorem ipsum dolor sit amet, consectetur adipiscing elit. Etiam mattis quam feugiat, ultricies tortor sit amet, lobortis erat. Duis et commodo leo. Donec sagittis, nulla vel varius blandit, elit dui congue dui, non posuere ligula leo sit amet dui. Nam pellentesque nibh a nibh vehicula ultricies. Nam pulvinar tortor ac justo hendrerit, id suscipit augue feugiat. Aenean tempus ex a tristique sollicitudin. Pellentesque lacinia, orci at vestibulum faucibus, tellus ex interdum mauris, laoreet finibus leo sapien vel metus. Praesent interdum leo vulputate diam eleifend gravida. In a mauris rutrum, faucibus massa quis, maximus augue. Vestibulum at neque nulla. Quisque placerat sed arcu et blandit. Maecenas ut nulla massa. Aliquam erat volutpat. Praesent tempor luctus mi in blandit.\r\n\r\nProin eleifend arcu vitae consequat rutrum. Ut ac condimentum odio. Aliquam vulputate non sapien eget suscipit. Sed ut justo ligula. Aliquam fringilla neque ut nisi vulputate, nec scelerisque odio auctor. Fusce vel suscipit sapien, id fermentum metus. In semper, dolor in placerat eleifend, velit nulla ultrices ex, et maximus velit tellus non felis. Donec ultrices, nisl id feugiat iaculis, lectus leo pellentesque eros, et maximus mauris neque et ante. Phasellus vel ornare ligula. Vestibulum ut convallis nisl, vel aliquet arcu. Proin fringilla, nulla eu condimentum sollicitudin, libero augue congue ligula, id condimentum nulla diam ac orci.\r\n\r\nQuisque vel tortor sollicitudin, posuere diam eget, faucibus metus. Pellentesque elementum metus vel neque ornare porttitor. Curabitur suscipit nisi id ipsum suscipit faucibus. Nullam et auctor nibh. In egestas egestas nunc non fermentum. Aenean vel vehicula libero. Sed in bibendum nibh. Donec lobortis fringilla interdum. Vivamus dapibus sit amet sem sit amet sagittis. In ac eros ac odio vehicula ultricies non nec ipsum. Vestibulum fringilla porta ligula blandit tincidunt. Quisque finibus odio urna, mollis pretium nulla dignissim nec. In in vehicula ex. Sed at lectus purus. Morbi vel mi lacus. Suspendisse ut imperdiet urna.\r\n\r\nVestibulum venenatis ut sapien vitae pulvinar. Donec maximus, lorem quis aliquet aliquam, neque odio commodo turpis, vel interdum lorem tortor ut dui. Morbi et nunc sed arcu gravida sollicitudin non quis justo. Quisque vitae feugiat sapien. Donec aliquam commodo ante ut gravida. Nullam in enim ac urna euismod iaculis. Praesent eget viverra urna, malesuada convallis augue.\r\n\r\nOrci varius natoque penatibus et magnis dis parturient montes, nascetur ridiculus mus. Nunc et imperdiet nibh. Quisque efficitur iaculis enim non ornare. Integer ultricies convallis quam, at volutpat sapien pretium scelerisque. Vivamus porttitor, ex quis ullamcorper semper, enim ipsum ultrices lacus, id congue tortor dolor in mi. Donec elementum erat placerat sapien hendrerit, eu ultricies orci commodo. Vivamus in magna tempus, finibus nunc ac, finibus risus. Aliquam porta fringilla orci ac ullamcorper.','{}',NULL,'2022-08-12 05:51:45','2022-08-12 05:51:45'),(50,1,1,'windows','444','444','444','{}',NULL,'2022-08-12 05:53:16','2022-08-12 05:53:16'),(51,1,2,'android','v1.09.220707','fdfsdfsdf','fdfsdfdfs','{}',NULL,'2022-08-12 05:53:48','2022-08-12 05:53:48'),(52,1,2,'android','fdfsdfdfdsf','fdsfdf','fdfdsfsdfd','{}',NULL,'2022-08-12 05:54:15','2022-08-12 05:54:15'),(53,1,2,'android','fdfsdfdfdsf','fdsfdf','fdfdsfsdfd','{}',NULL,'2022-08-12 05:54:23','2022-08-12 05:54:23'),(54,1,2,'android','fdfsdfdfdsf','fdsfdf','fdfdsfsdfd','{}',NULL,'2022-08-12 05:54:26','2022-08-12 05:54:26'),(55,1,2,'android','fdfsdfdfdsf','fdsfdf','fdfdsfsdfd','{}',NULL,'2022-08-12 05:54:28','2022-08-12 05:54:28'),(56,1,2,'android','fdfsdfdfdsf','fdsfdf','fdfdsfsdfd','{}',NULL,'2022-08-12 05:54:30','2022-08-12 05:54:30'),(57,1,2,'android','fdfsdfdfdsf','fdsfdf','fdfdsfsdfd','{}',NULL,'2022-08-12 05:54:32','2022-08-12 05:54:32'),(58,1,2,'android','fdfsdfdfdsf','fdsfdf','fdfdsfsdfd','{}',NULL,'2022-08-12 05:54:34','2022-08-12 05:54:34'),(59,1,2,'android','fdfsdfdfdsf','fdsfdf','fdfdsfsdfd','{}',NULL,'2022-08-12 05:54:36','2022-08-12 05:54:36'),(60,1,2,'android','fdfsdfdfdsf','fdsfdf','fdfdsfsdfd','{}',NULL,'2022-08-12 05:54:37','2022-08-12 05:54:37'),(61,1,2,'android','fdfsdfdfdsf','fdsfdf','fdfdsfsdfd','{}',NULL,'2022-08-12 05:54:39','2022-08-12 05:54:39'),(62,1,2,'android','fdfsdfdfdsf','fdsfdf','fdfdsfsdfd','{}',NULL,'2022-08-12 05:54:41','2022-08-12 05:54:41'),(63,1,2,'android','fdfsdfdfdsf','fdsfdf','fdfdsfsdfd','{}',NULL,'2022-08-12 05:54:43','2022-08-12 05:54:43'),(64,1,2,'android','fdfsdfdfdsf','fdsfdf','fdfdsfsdfd','{}',NULL,'2022-08-12 05:54:45','2022-08-12 05:54:45'),(65,1,2,'android','fdfsdfdfdsf','fdsfdf','fdfdsfsdfd','{}',NULL,'2022-08-12 05:54:47','2022-08-12 05:54:47'),(66,1,2,'android','fdfsdfdfdsf','fdsfdf','fdfdsfsdfd','{}',NULL,'2022-08-12 05:54:49','2022-08-12 05:54:49'),(67,1,2,'android','fdfsdfdfdsf','fdsfdf','fdfdsfsdfd','{}',NULL,'2022-08-12 05:54:50','2022-08-12 05:54:50'),(68,1,2,'android','fdfsdfdfdsf','fdsfdf','fdfdsfsdfd','{}',NULL,'2022-08-12 05:54:54','2022-08-12 05:54:54'),(69,1,2,'android','fdfsdfdfdsf','fdsfdf','fdfdsfsdfd','{}',NULL,'2022-08-12 05:54:55','2022-08-12 05:54:55'),(70,1,2,'android','fdfsdfdfdsf','fdsfdf','fdfdsfsdfd','{}',NULL,'2022-08-12 05:54:57','2022-08-12 05:54:57'),(71,1,2,'android','fdfsdfdfdsf','fdsfdf','fdfdsfsdfd','{}',NULL,'2022-08-12 05:54:59','2022-08-12 05:54:59'),(72,1,2,'android','fdfsdfdfdsf','fdsfdf','fdfdsfsdfd','{}',NULL,'2022-08-12 05:55:07','2022-08-12 05:55:07'),(73,1,2,'android','fdfsdfdfdsf','fdsfdf','fdfdsfsdfd','{}',NULL,'2022-08-12 05:55:08','2022-08-12 05:55:08'),(74,1,2,'android','fdfsdfdfdsf','fdsfdf','fdfdsfsdfd','{}',NULL,'2022-08-12 05:55:10','2022-08-12 05:55:10'),(75,1,2,'android','fdfsdfdfdsf','fdsfdf','fdfdsfsdfd','{}',NULL,'2022-08-12 05:55:11','2022-08-12 05:55:11'),(76,1,2,'android','fdfsdfdfdsf','fdsfdf','fdfdsfsdfd','{}',NULL,'2022-08-12 05:55:13','2022-08-12 05:55:13'),(77,1,2,'android','fdfsdfdfdsf','fdsfdf','fdfdsfsdfd','{}',NULL,'2022-08-12 05:55:15','2022-08-12 05:55:15'),(78,1,2,'windows','234','234','234','{}',NULL,'2022-08-12 06:20:35','2022-08-12 06:20:35'),(79,1,3,'android','123','123','123','{\"apk\": \"/release/79/01봄.png\"}',NULL,'2022-08-12 06:21:29','2022-08-12 06:21:29'),(80,1,4,'ios','123','123','123','{\"ipa\": \"/release/80/02여름.png\", \"plist\": \"/release/80/manifest-ios.plist\", \"bundle-title\": \"Playmoongu-Admin\", \"bundle-version\": \"1.1.1\", \"bundle-identifier\": \"com.enjoyworks.playmoongu.admin\"}',NULL,'2022-08-12 06:22:23','2022-08-12 06:22:24'),(81,1,1,'windows','345','234','234','{}',NULL,'2022-08-12 06:23:39','2022-08-12 06:23:39'),(82,1,5,'windows','v1.1.1.1.1.1','123','123','{\"apk\": \"/release/82/01봄800.png\"}',NULL,'2022-08-12 06:25:25','2022-08-12 06:25:25'),(83,1,1,'windows','213','123','123','{}',NULL,'2022-08-12 06:42:35','2022-08-12 06:42:35'),(84,1,6,'android','1.0.0','Playmoonguya User App Test','BASE URL: https://ua-test.dev-enjoyworks.com','{}',NULL,'2022-08-15 03:57:39','2022-08-15 03:57:39'),(85,1,5,'android','1.0.0','Playmoonguya User App Staging','User app with staging environment','{}',NULL,'2022-08-15 04:03:45','2022-08-15 04:03:45'),(86,1,4,'android','1.0.0','Playmoonguya User App Production','User app with production environment','{}',NULL,'2022-08-15 04:08:50','2022-08-15 04:08:50'),(87,1,14,'android','1.0.0','Playmoonguya User App NP','User App with test NP environment','{}',NULL,'2022-08-15 06:04:07','2022-08-15 06:04:07'),(88,1,13,'android','1.0.0','Playmoonguya User App NP Staging','User app NP with staging environment','{}',NULL,'2022-08-15 06:06:16','2022-08-15 06:06:16'),(94,1,6,'ios','1.0.2','문구야 놀자','','{}',NULL,'2022-08-15 09:23:36','2022-08-15 09:23:36'),(98,1,5,'ios','1.0.2','문구야 놀자','','{}',NULL,'2022-08-15 11:45:38','2022-08-15 11:45:38'),(99,1,4,'ios','1.0.2','문구야 놀자','','{}',NULL,'2022-08-15 12:48:40','2022-08-15 12:48:40'),(102,1,3,'ios','1.1.1','문구야놀자(가맹점)','','{\"ipa\": \"/release/102/playmoongu_admin_ios.ipa\", \"plist\": \"/release/102/manifest-ios.plist\", \"bundle-title\": \"문구야놀자(가맹점)\", \"bundle-version\": \"1.1.1\", \"bundle-identifier\": \"com.enjoyworks.playmoongu.user\"}',NULL,'2022-08-16 02:16:39','2022-08-16 02:16:39'),(103,1,2,'ios','1.1.1','문구야놀자(가맹점)','','{}',NULL,'2022-08-16 03:06:08','2022-08-16 03:06:08'),(105,1,1,'ios','1.1.1','문구야놀자(가맹점)','','{\"ipa\": \"/release/105/playmoongu_admin_ios.ipa\", \"plist\": \"/release/105/manifest-ios.plist\", \"bundle-title\": \"문구야놀자(가맹점)\", \"bundle-version\": \"1.1.1\", \"bundle-identifier\": \"com.enjoyworks.playmoongu.admin\"}',NULL,'2022-08-16 04:27:11','2022-08-16 04:27:11'),(112,25,27,'android','1.0.0','Conservation Room Reservation','Conservation Room Reservation','{\"apk\": \"/release/112/Conservation-Room-Reservation-Staging-Test.apk\"}',NULL,'2022-08-23 06:03:49','2022-08-23 06:03:49'),(114,23,23,'android','1.0.0','Playmoongu User Intelligent Store User','Playmoongu User Intelligent Store User','{\"apk\": \"/release/114/playmoongu-user-intelligent-store-test.apk\"}',NULL,'2022-08-24 02:03:09','2022-08-24 02:03:09'),(116,26,28,'windows','1.0.0','인조이진안-Setup','Update payment device NVcat','{\"apk\": \"/release/116/인조이진안-Setup.zip\"}',NULL,'2022-08-24 04:01:12','2022-08-24 04:01:12'),(118,23,23,'ios','1.0.2','Playmoongu Admin NP Intelligent','Playmoongu Admin NP Intelligent','{\"ipa\": \"/release/118/playmoongu_user_intelligent.ipa\", \"plist\": \"/release/118/manifest-ios.plist\", \"bundle-title\": \"문구야 놀자\", \"bundle-version\": \"1.0.2\", \"bundle-identifier\": \"com.enjoyworks.playmoongu.user\"}',NULL,'2022-08-24 05:35:17','2022-08-24 05:35:17'),(119,22,21,'android','1.0.0','Playmoongu Intelligent Store Admin','Playmoongu Intelligent Store Admin','{\"apk\": \"/release/119/playmoongu_np_admin_intelligent_test.apk\"}',NULL,'2022-08-24 05:58:04','2022-08-24 05:58:04'),(120,25,27,'android','1.0.1','Conference Room Reservation','Conference Room Reservation Staging Environment','{\"apk\": \"/release/120/Conference-staging-debug.apk\"}',NULL,'2022-08-24 06:00:41','2022-08-24 06:00:41'),(121,22,21,'ios','1.1.0','IOT NP Intelligent Store - Admin ','','{\"ipa\": \"/release/121/playmoongu_admin_ios.ipa\", \"plist\": \"/release/121/manifest-ios.plist\", \"bundle-title\": \"IOT NP Intelligent Store - Admin \", \"bundle-version\": \"1.1.0\", \"bundle-identifier\": \"com.enjoyworks.playmoongu.admin\"}',NULL,'2022-08-24 06:17:34','2022-08-24 06:17:34'),(122,22,21,'android','1.0.0','Playmoongu Admin NP Intelligent Store','Playmoongu Admin NP Intelligent Store','{\"apk\": \"/release/122/playmoongu-admin-np-intelligent-store-test_v1.0.0.apk\"}',NULL,'2022-08-24 08:08:14','2022-08-24 08:08:14'),(123,23,23,'android','1.0.0','Playmoongu User Intelligent Store','Playmoongu User Intelligent Store','{\"apk\": \"/release/123/playmoongu-user-intelligent-store-test_v1.0.0.apk\"}',NULL,'2022-08-24 08:13:07','2022-08-24 08:13:07'),(124,26,28,'windows','1.0.0','인조이진안-Setup-20220824','- Update logic cashout\r\n- Update title 문구야 놀자를=>인조인진안을 ','{\"apk\": \"/release/124/인조이진안-Setup-20220824.zip\"}',NULL,'2022-08-24 08:33:31','2022-08-24 08:33:31'),(125,25,27,'android','1.0.0','Conference Room Reservation Staging','Conference Room Reservation Staging','{\"apk\": \"/release/125/Conference-staging-debug-v.1.0.0.apk\"}',NULL,'2022-08-24 09:38:54','2022-08-24 09:38:54'),(126,23,23,'android','1.0.1','IOT NP Intelligent Store User Test','IOT NP Intelligent Store User Test','{\"apk\": \"/release/126/playmoongu-user-intelligent-store-test-v1.0.1.apk\"}',NULL,'2022-08-24 09:46:44','2022-08-24 09:46:44'),(127,22,21,'android','1.0.1','IOT NP Intelligent Store Admin Test','IOT NP Intelligent Store Admin Test','{\"apk\": \"/release/127/playmoongu-admin-intelligent-store-test-v1.0.1.apk\"}',NULL,'2022-08-24 09:48:19','2022-08-24 09:48:19'),(128,26,28,'windows','1.0.0','인조이진안-Setup-20220825','Remove ending sound','{\"apk\": \"/release/128/인조이진안-Setup-20220825.zip\"}',NULL,'2022-08-25 06:21:15','2022-08-25 06:21:16'),(129,27,29,'android','1.0.0','GoodTraepay Payment Delivery app','GoodTraepay Payment Delivery app','{\"apk\": \"/release/129/GoodTraepay_Staging_Test_v1.0.0.apk\"}',NULL,'2022-08-30 07:12:37','2022-08-30 07:12:37'),(130,25,27,'android','1.0.2','Conference Room Reservation Staging Environment','Conference Room Reservation Staging Environment','{\"apk\": \"/release/130/Conference_Room_Reservation_Staging_Test_v1.0.2.apk\"}',NULL,'2022-08-31 04:54:03','2022-08-31 04:54:03'),(131,26,28,'windows','1.0.0','인조이진안-Setup-20220905','Add new Ending sound Text','{\"apk\": \"/release/131/인조이진안-Setup-20220905.zip\"}',NULL,'2022-09-05 03:12:06','2022-09-05 03:12:06'),(132,28,30,'android','1.0.0','Sphokidz Staging environment','Sphokidz Staging environment','{\"apk\": \"/release/132/sphokidz_staging_v1.0.0.apk\"}',NULL,'2022-09-06 03:08:37','2022-09-06 03:08:37'),(134,28,30,'ios','2.1.2','Sphokidz','Sphokidz','{\"ipa\": \"/release/134/Sphokidz.ipa\", \"plist\": \"/release/134/manifest-ios.plist\", \"bundle-title\": \"Sphokidz \", \"bundle-version\": \"2.1.2\", \"bundle-identifier\": \"com.iaurora.sphoiler.kids\"}',NULL,'2022-09-06 05:42:16','2022-09-06 05:42:16'),(136,28,30,'ios','2.1.2','Sphokidz','Build demo Sphokidz','{\"ipa\": \"/release/136/Sphokidz.ipa\", \"plist\": \"/release/136/manifest-ios.plist\", \"bundle-title\": \"2\", \"bundle-version\": \"2.1.2\", \"bundle-identifier\": \"com.iaurora.sphoiler.kids\"}',NULL,'2022-09-06 06:03:56','2022-09-06 06:03:56'),(137,28,30,'ios','2.1.2','Sphokidz','Release demo','{\"ipa\": \"/release/137/Sphokidz.ipa\", \"plist\": \"/release/137/manifest-ios.plist\", \"bundle-title\": \"스포키즈\", \"bundle-version\": \"2.1.2\", \"bundle-identifier\": \"com.iaurora.sphoiler.kids\"}',NULL,'2022-09-06 06:06:50','2022-09-06 06:06:50'),(138,28,30,'ios','2.1.2','Release 2.1.2 ','Release 2.1.2 Demo','{\"ipa\": \"/release/138/Sphokidz.ipa\", \"plist\": \"/release/138/manifest-ios.plist\", \"bundle-title\": \"스포키즈\", \"bundle-version\": \"2.1.2\", \"bundle-identifier\": \"com.iaurora.sphoiler.kids\"}',NULL,'2022-09-06 06:15:24','2022-09-06 06:15:24'),(139,28,30,'ios','2.1.2','Release','Release Demo','{\"ipa\": \"/release/139/Sphokidz.ipa\", \"plist\": \"/release/139/manifest-ios.plist\", \"bundle-title\": \"스포키즈\", \"bundle-version\": \"2.1.2\", \"bundle-identifier\": \"com.iaurora.sphoiler.kids\"}',NULL,'2022-09-06 07:12:08','2022-09-06 07:12:08'),(143,1,4,'android','1.0.1','Playmoonguya User App Production','Playmoonguya User App Production','{\"apk\": \"/release/143/playmoongu-debug.apk\"}',NULL,'2022-09-08 09:14:34','2022-09-08 09:14:34'),(144,1,4,'ios','1.0.2','문구야 놀자','','{\"ipa\": \"/release/144/playmoongu_user_ios.ipa\", \"plist\": \"/release/144/manifest-ios.plist\", \"bundle-title\": \"문구야 놀자\", \"bundle-version\": \"1.0.2\", \"bundle-identifier\": \"com.enjoyworks.playmoongu.user\"}',NULL,'2022-09-08 09:29:57','2022-09-08 09:29:57'),(145,1,1,'android','1.0.1','Playmoongu Admin Production','','{\"apk\": \"/release/145/playmoongu_admin_production_v1.0.1.apk\"}',NULL,'2022-09-09 06:17:30','2022-09-09 06:17:30'),(149,1,5,'ios','1.0.2','문구야 놀자','','{\"ipa\": \"/release/149/playmoongu_user_ios.ipa\", \"plist\": \"/release/149/manifest-ios.plist\", \"bundle-title\": \"문구야 놀자\", \"bundle-version\": \"1.0.2\", \"bundle-identifier\": \"com.enjoyworks.playmoongu.user\"}',NULL,'2022-09-13 08:02:09','2022-09-13 08:02:09'),(151,22,21,'android','1.2.3','인조이진안(가맹점)','','{\"apk\": \"/release/151/app-debug.apk\"}',NULL,'2022-09-13 08:41:29','2022-09-13 08:41:29'),(152,26,28,'windows','1.0.1','인조이진안-Setup-20220913','- Update video call','{\"apk\": \"/release/152/인조이진안-Setup-20220913.zip\"}',NULL,'2022-09-13 08:43:38','2022-09-13 08:43:38'),(153,22,21,'android','1.2.3',' IoT NP - Intelligent Store - Admin',' IoT NP - Intelligent Store - Admin','{\"apk\": \"/release/153/app-debug.apk\"}',NULL,'2022-09-14 01:45:25','2022-09-14 01:45:25'),(154,28,30,'ios','2.1.2','Release 2.1.2','Test In-App Purchase','{\"ipa\": \"/release/154/Sphokidz.ipa\", \"plist\": \"/release/154/manifest-ios.plist\", \"bundle-title\": \"스포키즈\", \"bundle-version\": \"2.1.2\", \"bundle-identifier\": \"com.iaurora.sphoiler.kids\"}',NULL,'2022-09-14 02:18:10','2022-09-14 02:18:10'),(155,22,21,'ios','1','Test Release','','{\"ipa\": \"/release/155/IntelligentStore.ipa\", \"plist\": \"/release/155/manifest-ios.plist\", \"bundle-title\": \"1\", \"bundle-version\": \"1\", \"bundle-identifier\": \"com.enjoyworks.iot.smartkiosk\"}',NULL,'2022-09-14 03:17:51','2022-09-14 03:17:51'),(157,22,21,'ios','2','Test release','','{\"ipa\": \"/release/157/IntelligentStore.ipa\", \"plist\": \"/release/157/manifest-ios.plist\", \"bundle-title\": \"1.0\", \"bundle-version\": \"1.0\", \"bundle-identifier\": \"com.enjoyworks.iot.smartkiosk\"}',NULL,'2022-09-14 06:01:12','2022-09-14 06:01:12'),(158,29,31,'android','1.0.0','IOT Application Admin-NFC','','{\"apk\": \"/release/158/app-dev-debug.apk\"}',NULL,'2022-09-14 06:11:30','2022-09-14 06:11:30'),(159,22,21,'ios','3','Test','','{\"ipa\": \"/release/159/IntelligentStore.ipa\", \"plist\": \"/release/159/manifest-ios.plist\", \"bundle-title\": \"1.0\", \"bundle-version\": \"1.0\", \"bundle-identifier\": \"com.enjoyworks.iot.smartkiosk\"}',NULL,'2022-09-14 06:25:39','2022-09-14 06:25:39'),(160,29,31,'android','1.0.1','IOT Admin NFC','','{\"apk\": \"/release/160/app-dev-debug.apk\"}',NULL,'2022-09-14 07:26:44','2022-09-14 07:26:44'),(161,29,31,'android','1.0.1','IOT NFC Admin','','{\"apk\": \"/release/161/app-dev-debug.apk\"}',NULL,'2022-09-14 07:35:02','2022-09-14 07:35:02'),(162,27,29,'android','1.0.0','GoodTraepay Staging','','{\"apk\": \"/release/162/goodtraepay_test_v1.0.0.apk\"}',NULL,'2022-09-15 01:51:25','2022-09-15 01:51:25'),(163,29,31,'android','1.0.2','IOT NFC Admin',' Fix bugs: \r\n- Not display message error \r\n- Background error of phone number TungLT 2 minutes ago','{\"apk\": \"/release/163/iot-nfc-admin.apk\"}',NULL,'2022-09-15 01:55:33','2022-09-15 01:55:33'),(164,29,31,'android','1.0.3','IOT NFC Admin','','{\"apk\": \"/release/164/iot-nfc-admin.apk\"}',NULL,'2022-09-15 06:38:45','2022-09-15 06:38:45'),(165,27,29,'ios','1.4.1','GoodTraepay Staging','','{\"ipa\": \"/release/165/BuyeoPay.ipa\", \"plist\": \"/release/165/manifest-ios.plist\", \"bundle-title\": \"GoodTraepay Staging\", \"bundle-version\": \"1.4.1\", \"bundle-identifier\": \"com.kr.buyeo\"}',NULL,'2022-09-16 02:37:34','2022-09-16 02:37:34'),(168,29,31,'android','1.0.4','IOT NFC Admin','IOT NFC Admin version 1.0.4','{\"apk\": \"/release/168/iot-nfc-admin-1-0-4.apk\"}',NULL,'2022-09-16 04:00:00','2022-09-16 04:00:00'),(169,26,28,'windows','1.0.1','인조이진안-Setup-20220916','- Add chatbot, tts, stt function\r\n- Pending chatbot product','{\"apk\": \"/release/169/인조이진안-Setup-20220916.zip\"}',NULL,'2022-09-16 04:28:15','2022-09-16 04:28:15'),(170,29,31,'android','1.0.5','IOT NFC Admin','','{\"apk\": \"/release/170/iot-nfc-admin-1.0.0.apk\"}',NULL,'2022-09-16 06:02:14','2022-09-16 06:02:14'),(171,1,1,'ios','1.1.1','문구야놀자(가맹점)','','{\"ipa\": \"/release/171/playmoongu_admin_ios.ipa\", \"plist\": \"/release/171/manifest-ios.plist\", \"bundle-title\": \"문구야놀자(가맹점)\", \"bundle-version\": \"1.1.1\", \"bundle-identifier\": \"com.enjoyworks.playmoongu.admin\"}',NULL,'2022-09-19 07:13:10','2022-09-19 07:13:11'),(172,26,28,'windows','1.0.2','친구야 놀자-20220920.zip','- Update app name and icon\r\n- Update sound text\r\n- Update PP1-5, PP1-4, PP1-3, RP1-4','{\"apk\": \"/release/172/친구야 놀자-20220920.zip\"}',NULL,'2022-09-20 02:45:03','2022-09-20 02:45:03'),(173,26,28,'windows','1.0.2','친구야 놀자-20220920-2.zip','- Fix check printer status\r\n- Fix UI\r\n- Fix magnifier ','{\"apk\": \"/release/173/친구야 놀자-20220920-2.zip\"}',NULL,'2022-09-20 06:51:57','2022-09-20 06:51:57'),(174,26,28,'windows','1.0.2','친구야 놀자-20220921','- Update remove product sound\r\n- Update point payment logic\r\n- Update check print status \r\n- Fix magnifier function','{\"apk\": \"/release/174/친구야 놀자-20220921.zip\"}',NULL,'2022-09-21 01:03:42','2022-09-21 01:03:42'),(176,1,1,'ios','1.2.1','Release Appstore','Release Appstore','{\"ipa\": \"/release/176/playmoongu_admin_ios.ipa\", \"plist\": \"/release/176/manifest-ios.plist\", \"bundle-title\": \"문구야놀자(가맹점)\", \"bundle-version\": \"1.2.1\", \"bundle-identifier\": \"com.enjoyworks.playmoongu.admin\"}',NULL,'2022-09-22 03:14:42','2022-09-22 03:14:42'),(177,1,1,'ios','1.2.1','Release Prod','Release Prod\r\nhttps://sys.playmoongu.net/','{\"ipa\": \"/release/177/playmoongu_admin_ios.ipa\", \"plist\": \"/release/177/manifest-ios.plist\", \"bundle-title\": \"문구야놀자(가맹점)\", \"bundle-version\": \"1.2.1\", \"bundle-identifier\": \"com.enjoyworks.playmoongu.admin\"}',NULL,'2022-09-22 03:33:57','2022-09-22 03:33:57'),(179,26,28,'windows','1.0.2','친구야 놀자-20220922','- Add websocket to video call function','{\"apk\": \"/release/179/친구야 놀자-20220922.zip\"}',NULL,'2022-09-22 04:29:38','2022-09-22 04:29:38'),(180,28,30,'android','1.0.1','Sphokidz Web Staging - API java dev','API java: https://sphokidz-java-api.dev-enjoyworks.com/','{\"apk\": \"/release/180/sphokidz-java-dev.apk\"}',NULL,'2022-09-22 09:18:14','2022-09-22 09:18:14'),(181,28,30,'ios','2.1.2','Release ','Change URL https://sphokidz-java-api.dev-enjoyworks.com/','{\"ipa\": \"/release/181/Sphokidz.ipa\", \"plist\": \"/release/181/manifest-ios.plist\", \"bundle-title\": \"스포키즈\", \"bundle-version\": \"2.1.2\", \"bundle-identifier\": \"com.iaurora.sphoiler.kids\"}',NULL,'2022-09-22 10:03:39','2022-09-22 10:03:39'),(182,24,25,'ios','1','Test','Test','{\"ipa\": \"/release/182/PlaymoonguIOT.ipa\", \"plist\": \"/release/182/manifest-ios.plist\", \"bundle-title\": \"1.0\", \"bundle-version\": \"1.0\", \"bundle-identifier\": \"com.enjoyworks.iot.smartkiosk\"}',NULL,'2022-09-23 02:06:38','2022-09-23 02:06:38'),(183,24,24,'ios','1','Staging test','','{\"ipa\": \"/release/183/PlaymoonguIOT.ipa\", \"plist\": \"/release/183/manifest-ios.plist\", \"bundle-title\": \"1.0\", \"bundle-version\": \"1.0\", \"bundle-identifier\": \"com.enjoyworks.iot.smartkiosk\"}',NULL,'2022-09-23 10:17:37','2022-09-23 10:17:37'),(184,22,21,'ios','1.0.0','Intelligent Store','','{\"ipa\": \"/release/184/IntelligentStore.ipa\", \"plist\": \"/release/184/manifest-ios.plist\", \"bundle-title\": \"Interlligent store\", \"bundle-version\": \"1.0\", \"bundle-identifier\": \"com.enjoyworks.iot.interlligentStore\"}',NULL,'2022-09-23 10:35:59','2022-09-23 10:35:59'),(185,22,21,'android','1.0.0','Intelligent Store','','{\"apk\": \"/release/185/Intelligent_Store.apk\"}',NULL,'2022-09-23 10:39:38','2022-09-23 10:39:38'),(186,24,24,'ios','1.0.0','IOT applicaion','','{\"ipa\": \"/release/186/PlaymoonguIOT.ipa\", \"plist\": \"/release/186/manifest-ios.plist\", \"bundle-title\": \"1.0\", \"bundle-version\": \"1.0.0\", \"bundle-identifier\": \"com.enjoyworks.iot.smartkiosk\"}',NULL,'2022-09-23 10:53:50','2022-09-23 10:53:50'),(187,24,24,'ios','1.0.0','IOT Application staging','','{\"ipa\": \"/release/187/PlaymoonguIOT.ipa\", \"plist\": \"/release/187/manifest-ios.plist\", \"bundle-title\": \"1.0.0\", \"bundle-version\": \"1.0.0\", \"bundle-identifier\": \"com.enjoyworks.iot.smartkiosk\"}',NULL,'2022-09-23 11:04:25','2022-09-23 11:04:25'),(188,24,26,'android','1.0.0','Playmoongu IOT Android ','','{\"apk\": \"/release/188/playmoongu_iot_100.apk\"}',NULL,'2022-09-26 03:57:38','2022-09-26 03:57:38'),(189,28,30,'windows','1.0.0','Sphokidz-Kiosk-20220926','- Fix the cash payment popup show again after cancel','{\"apk\": \"/release/189/Sphokidz-Kiosk-20220926.zip\"}',NULL,'2022-09-26 06:07:14','2022-09-26 06:07:14'),(190,24,26,'android','1.0.1','Playmoongu IOT Android','','{\"apk\": \"/release/190/playmoongu_iot_android_101.apk\"}',NULL,'2022-09-26 07:53:38','2022-09-26 07:53:38'),(191,28,30,'android','1.0.2','Sphokidz Staging Environment','Payment in app','{\"apk\": \"/release/191/sphokidz-debug-payment.apk\"}',NULL,'2022-09-26 08:15:45','2022-09-26 08:15:45'),(193,27,29,'ios','1.4.1','GoodTraepay','','{\"ipa\": \"/release/193/BuyeoPay.ipa\", \"plist\": \"/release/193/manifest-ios.plist\", \"bundle-title\": \"GoodTraepay\", \"bundle-version\": \"1.4.1\", \"bundle-identifier\": \"com.kr.buyeo\"}',NULL,'2022-09-27 02:33:18','2022-09-27 02:33:19'),(194,27,29,'ios','1.4.1','GoodTraepay Staging','','{\"ipa\": \"/release/194/BuyeoPay.ipa\", \"plist\": \"/release/194/manifest-ios.plist\", \"bundle-title\": \"GoodTraepay Staging\", \"bundle-version\": \"1.4.1\", \"bundle-identifier\": \"com.kr.buyeo\"}',NULL,'2022-09-27 03:10:46','2022-09-27 03:10:47'),(195,27,29,'android','v1.0.1','GoodTraepay Staging ','','{\"apk\": \"/release/195/goodtraepay-debug.apk\"}',NULL,'2022-09-27 03:19:24','2022-09-27 03:19:24'),(196,25,27,'ios','1.0.0','Release demo','Release demo','{\"ipa\": \"/release/196/ConferenceRoomReservation.ipa\", \"plist\": \"/release/196/manifest-ios.plist\", \"bundle-title\": \"ConferenceRoomReservation\", \"bundle-version\": \"1.0.0\", \"bundle-identifier\": \"enjoy.work.conference.room.reservation\"}',NULL,'2022-09-27 04:56:31','2022-09-27 04:56:31'),(197,24,25,'ios','1.0.0','Fixed notification name','Fixed notification name, scan beacon after login','{\"ipa\": \"/release/197/PlaymoonguIOT.ipa\", \"plist\": \"/release/197/manifest-ios.plist\", \"bundle-title\": \"IOT\", \"bundle-version\": \"4\", \"bundle-identifier\": \"com.enjoyworks.iot.smartkiosk\"}',NULL,'2022-09-27 07:35:17','2022-09-27 07:35:17'),(199,24,25,'android','1.0.2','Playmoongu IOT Android','','{\"apk\": \"/release/199/playmoongu_iot_android_102.apk\"}',NULL,'2022-09-27 08:17:52','2022-09-27 08:17:52'),(200,24,25,'ios','1.0.0','Release test','','{\"ipa\": \"/release/200/PlaymoonguIOT.ipa\", \"plist\": \"/release/200/manifest-ios.plist\", \"bundle-title\": \"1.0.0\", \"bundle-version\": \"5\", \"bundle-identifier\": \"com.enjoyworks.iot.smartkiosk\"}',NULL,'2022-09-27 09:42:44','2022-09-27 09:42:44'),(201,24,25,'android','1.0.3','Playmoongu IOT Android','- Add interface send gps location status','{\"apk\": \"/release/201/playmoongu_iot_android_103.apk\"}',NULL,'2022-09-27 10:56:32','2022-09-27 10:56:32'),(202,29,31,'android','1.0.5','IOT Admin NFC ','','{\"apk\": \"/release/202/app-dev-debug.apk\"}',NULL,'2022-09-28 04:11:53','2022-09-28 04:11:53'),(203,23,23,'ios','5','Release test','change app icon','{\"ipa\": \"/release/203/IntelligentStore.ipa\", \"plist\": \"/release/203/manifest-ios.plist\", \"bundle-title\": \"1.0.0\", \"bundle-version\": \"1.0.0\", \"bundle-identifier\": \"com.enjoyworks.iot.interlligentStore\"}',NULL,'2022-09-28 07:30:32','2022-09-28 07:30:32'),(204,28,30,'android','1.0.3','Sphokidz API Test','JAVA server: https://sphokidz-java-api.dev-enjoyworks.com/','{\"apk\": \"/release/204/sphokidz_java_test_sv.apk\"}',NULL,'2022-09-28 07:44:53','2022-09-28 07:44:53'),(205,24,25,'ios','5','Release test','Fake location kr to test','{\"ipa\": \"/release/205/PlaymoonguIOT.ipa\", \"plist\": \"/release/205/manifest-ios.plist\", \"bundle-title\": \"1.0.0\", \"bundle-version\": \"1.0.0\", \"bundle-identifier\": \"com.enjoyworks.iot.smartkiosk\"}',NULL,'2022-09-28 08:35:27','2022-09-28 08:35:27'),(206,24,25,'ios','6','Release test','Fake location','{\"ipa\": \"/release/206/PlaymoonguIOT.ipa\", \"plist\": \"/release/206/manifest-ios.plist\", \"bundle-title\": \"1.0.0\", \"bundle-version\": \"1.0.0\", \"bundle-identifier\": \"com.enjoyworks.iot.smartkiosk\"}',NULL,'2022-09-28 08:57:36','2022-09-28 08:57:36'),(207,24,24,'android','1.0.0','IOT User App','','{\"apk\": \"/release/207/app-staging-debug.apk\"}',NULL,'2022-09-28 09:18:32','2022-09-28 09:18:32'),(208,24,24,'ios','5','Release Staging','Release Staging','{\"ipa\": \"/release/208/PlaymoonguIOT-stg.ipa\", \"plist\": \"/release/208/manifest-ios.plist\", \"bundle-title\": \"1.0.0\", \"bundle-version\": \"1.0.0\", \"bundle-identifier\": \"com.enjoyworks.iot.smartkiosk\"}',NULL,'2022-09-28 09:46:48','2022-09-28 09:46:48'),(209,24,25,'android','1.0.4','IOT User app ','','{\"apk\": \"/release/209/app-dev-debug.apk\"}',NULL,'2022-09-28 10:11:11','2022-09-28 10:11:11'),(210,24,24,'android','1.0.0','IOT User App','','{\"apk\": \"/release/210/iot-user-android-100.apk\"}',NULL,'2022-09-28 10:24:57','2022-09-28 10:24:57'),(211,24,24,'android','1.0.0','IOT User App','','{\"apk\": \"/release/211/app-staging-debug.apk\"}',NULL,'2022-09-28 11:54:28','2022-09-28 11:54:28'),(212,24,24,'ios','6','Release staging','Release staging','{\"ipa\": \"/release/212/PlaymoonguIOT-stg.ipa\", \"plist\": \"/release/212/manifest-ios.plist\", \"bundle-title\": \"1.0.0\", \"bundle-version\": \"1.0.0\", \"bundle-identifier\": \"com.enjoyworks.iot.smartkiosk\"}',NULL,'2022-09-29 02:03:03','2022-09-29 02:03:03'),(214,24,24,'android','1.0.1','IOT User App','','{\"apk\": \"/release/214/iot-staging-debug-101.apk\"}',NULL,'2022-09-29 06:07:07','2022-09-29 06:07:07'),(215,24,24,'ios','6','Release Stg','Release Stg change scan beacon to 60s','{\"ipa\": \"/release/215/PlaymoonguIOT-stg.ipa\", \"plist\": \"/release/215/manifest-ios.plist\", \"bundle-title\": \"Staging\", \"bundle-version\": \"1.0.0\", \"bundle-identifier\": \"com.enjoyworks.iot.smartkiosk\"}',NULL,'2022-09-29 06:20:57','2022-09-29 06:20:57'),(216,1,3,'android','1.2.7','Test','','{\"apk\": \"/release/216/app-dev-debug.apk\"}',NULL,'2022-09-29 06:46:14','2022-09-29 06:46:14'),(217,1,3,'android','1.2.7','Test','','{\"apk\": \"/release/217/app-debug.apk\"}',NULL,'2022-09-29 07:41:16','2022-09-29 07:41:16'),(218,1,2,'ios','1.2.1','Test verision','Test verision','{\"ipa\": \"/release/218/playmoongu_admin_ios.ipa\", \"plist\": \"/release/218/manifest-ios.plist\", \"bundle-title\": \"문구야놀자(가맹점)\", \"bundle-version\": \"1.2.1\", \"bundle-identifier\": \"com.enjoyworks.playmoongu.admin\"}',NULL,'2022-09-29 07:57:15','2022-09-29 07:57:15'),(219,24,24,'android','1.0.3','IOT User App','','{\"apk\": \"/release/219/app-staging-debug.apk\"}',NULL,'2022-09-29 09:02:51','2022-09-29 09:02:51'),(220,24,24,'ios','8','Release Stg','','{\"ipa\": \"/release/220/PlaymoonguIOT-stg.ipa\", \"plist\": \"/release/220/manifest-ios.plist\", \"bundle-title\": \"1.0.0\", \"bundle-version\": \"1.0.0\", \"bundle-identifier\": \"com.enjoyworks.iot.smartkiosk\"}',NULL,'2022-09-29 09:23:35','2022-09-29 09:23:35'),(221,24,24,'android','1.0.2','IOT User App','','{\"apk\": \"/release/221/app-staging-debug.apk\"}',NULL,'2022-09-29 09:24:40','2022-09-29 09:24:40'),(222,27,29,'ios','1.4.1','GoodTraepay Staging','','{\"ipa\": \"/release/222/BuyeoPay.ipa\", \"plist\": \"/release/222/manifest-ios.plist\", \"bundle-title\": \"GoodTraepay Staging\", \"bundle-version\": \"1.4.1\", \"bundle-identifier\": \"com.kr.buyeo\"}',NULL,'2022-09-29 10:30:19','2022-09-29 10:30:19'),(224,26,28,'windows','1.0.3','친구야 놀자-20220929','- Add virtual keyboard in chatbot\r\n- Update chatbot flow by ver 1.4 20220923','{\"apk\": \"/release/224/친구야 놀자-20220929.zip\"}',NULL,'2022-09-29 12:39:25','2022-09-29 12:39:25'),(225,24,26,'ios','7','Release test dev','Release test dev','{\"ipa\": \"/release/225/PlaymoonguIOT.ipa\", \"plist\": \"/release/225/manifest-ios.plist\", \"bundle-title\": \"1.0.0\", \"bundle-version\": \"1.0.0\", \"bundle-identifier\": \"com.enjoyworks.iot.smartkiosk\"}',NULL,'2022-09-30 01:49:08','2022-09-30 01:49:08'),(226,24,25,'android','1.0.4','IOT User App','','{\"apk\": \"/release/226/app-dev-debug-104.apk\"}',NULL,'2022-09-30 02:08:13','2022-09-30 02:08:13'),(227,1,3,'ios','1.2.1','Test','Test','{\"ipa\": \"/release/227/playmoongu_admin_ios.ipa\", \"plist\": \"/release/227/manifest-ios.plist\", \"bundle-title\": \"문구야놀자(가맹점)\", \"bundle-version\": \"1.2.1\", \"bundle-identifier\": \"com.enjoyworks.playmoongu.admin\"}',NULL,'2022-09-30 02:26:58','2022-09-30 02:26:58'),(228,23,23,'ios','1','Release test','','{\"ipa\": \"/release/228/UserIntelligentStore.ipa\", \"plist\": \"/release/228/manifest-ios.plist\", \"bundle-title\": \"1.0.0\", \"bundle-version\": \"1.0.0\", \"bundle-identifier\": \"com.enjoyworks.iot.user.interlligent\"}',NULL,'2022-09-30 03:35:00','2022-09-30 03:35:00'),(229,23,23,'ios','2','Release test','','{\"ipa\": \"/release/229/UserIntelligentStore.ipa\", \"plist\": \"/release/229/manifest-ios.plist\", \"bundle-title\": \"1.0.0\", \"bundle-version\": \"1.0.0\", \"bundle-identifier\": \"com.enjoyworks.iot.user.interlligent\"}',NULL,'2022-09-30 03:50:46','2022-09-30 03:50:46'),(230,23,23,'android','1.0.0','User intelligent store','','{\"apk\": \"/release/230/playmoongu-debug.apk\"}',NULL,'2022-09-30 03:56:18','2022-09-30 03:56:18'),(231,24,25,'android','1.0.0','IOT User App','','{\"apk\": \"/release/231/app-dev-debug.apk\"}',NULL,'2022-09-30 06:44:34','2022-09-30 06:44:34'),(232,24,24,'android','1.0.3','IOT User App','','{\"apk\": \"/release/232/app-staging-103.apk\"}',NULL,'2022-09-30 06:57:02','2022-09-30 06:57:02'),(233,29,32,'android','1.0.0','IOT Admin NFC App','','{\"apk\": \"/release/233/app-staging-debug.apk\"}',NULL,'2022-09-30 07:51:09','2022-09-30 07:51:09'),(234,26,28,'windows','1.0.4','친구야 놀자-20221003','- Fix autofocus textbox in chatbot\r\n- Fix deactive shopping basket page when go to chatbot','{\"apk\": \"/release/234/친구야 놀자-20221003.zip\"}',NULL,'2022-10-03 03:04:03','2022-10-03 03:04:03'),(235,1,3,'ios','1.2.1','Release new format Barcode 128','Release new format Barcode 128','{\"ipa\": \"/release/235/playmoongu_admin_ios.ipa\", \"plist\": \"/release/235/manifest-ios.plist\", \"bundle-title\": \"문구야놀자(가맹점)\", \"bundle-version\": \"1.2.1\", \"bundle-identifier\": \"com.enjoyworks.playmoongu.admin\"}',NULL,'2022-10-03 04:31:01','2022-10-03 04:31:01'),(236,26,28,'windows','1.0.4','친구야 놀자-20221003-2','- Fix rerecord show previous text','{\"apk\": \"/release/236/친구야 놀자-20221003-2.zip\"}',NULL,'2022-10-03 06:57:18','2022-10-03 06:57:18'),(237,24,24,'ios','9','Release Stg','Change app icon','{\"ipa\": \"/release/237/PlaymoonguIOT-stg.ipa\", \"plist\": \"/release/237/manifest-ios.plist\", \"bundle-title\": \"1.0.0\", \"bundle-version\": \"1.0.0\", \"bundle-identifier\": \"com.enjoyworks.iot.smartkiosk\"}',NULL,'2022-10-03 07:01:27','2022-10-03 07:01:27'),(238,22,21,'ios','6','Release','Change icon','{\"ipa\": \"/release/238/IntelligentStore.ipa\", \"plist\": \"/release/238/manifest-ios.plist\", \"bundle-title\": \"1.0.0\", \"bundle-version\": \"1.0.0\", \"bundle-identifier\": \"com.enjoyworks.iot.interlligentStore\"}',NULL,'2022-10-03 07:05:08','2022-10-03 07:05:08'),(239,23,23,'ios','3','Release','Change icon','{\"ipa\": \"/release/239/UserIntelligentStore.ipa\", \"plist\": \"/release/239/manifest-ios.plist\", \"bundle-title\": \"1.0.0\", \"bundle-version\": \"1.0.0\", \"bundle-identifier\": \"com.enjoyworks.iot.user.interlligent\"}',NULL,'2022-10-03 07:12:51','2022-10-03 07:12:51'),(240,1,3,'android','1.2.7','Test','','{\"apk\": \"/release/240/app-debug.apk\"}',NULL,'2022-10-03 07:20:36','2022-10-03 07:20:36'),(241,24,24,'android','1.0.4','IOT User App','','{\"apk\": \"/release/241/app-staging-104.apk\"}',NULL,'2022-10-03 07:52:24','2022-10-03 07:52:24'),(242,29,32,'android','1.0.1','IOT NFC Admin App','','{\"apk\": \"/release/242/app-staging-101.apk\"}',NULL,'2022-10-03 07:53:59','2022-10-03 07:53:59'),(243,26,28,'windows','1.0.4','친구야 놀자-20221003-3','- Fix clear text when closing the popup','{\"apk\": \"/release/243/친구야 놀자-20221003-3.zip\"}',NULL,'2022-10-03 07:55:59','2022-10-03 07:55:59'),(244,23,23,'android','1.0.5','User Intelligent Store App','','{\"apk\": \"/release/244/playmoongu-debug.apk\"}',NULL,'2022-10-03 07:56:12','2022-10-03 07:56:12'),(245,22,21,'android','1.2.4','Admin Intelligent Store App','','{\"apk\": \"/release/245/app-debug.apk\"}',NULL,'2022-10-03 07:57:52','2022-10-03 07:57:52'),(246,24,26,'ios','8','Release','Test Dev','{\"ipa\": \"/release/246/PlaymoonguIOT.ipa\", \"plist\": \"/release/246/manifest-ios.plist\", \"bundle-title\": \"1.0.0\", \"bundle-version\": \"1.0.0\", \"bundle-identifier\": \"com.enjoyworks.iot.smartkiosk\"}',NULL,'2022-10-03 08:52:52','2022-10-03 08:52:52'),(247,22,20,'android','1.2.5','IOT Intelligent Admin Store','','{\"apk\": \"/release/247/Intelligent_Store_125.apk\"}',NULL,'2022-10-04 02:43:06','2022-10-04 02:43:06'),(248,23,23,'android','1.0.6','IOT Intelligent User Store','','{\"apk\": \"/release/248/Intelligent_User_Store.apk\"}',NULL,'2022-10-04 02:47:16','2022-10-04 02:47:16'),(249,22,21,'ios','7','Release','Change app name','{\"ipa\": \"/release/249/IntelligentStore.ipa\", \"plist\": \"/release/249/manifest-ios.plist\", \"bundle-title\": \"1.0.0\", \"bundle-version\": \"1.0.0\", \"bundle-identifier\": \"com.enjoyworks.iot.interlligentStore\"}',NULL,'2022-10-04 02:47:40','2022-10-04 02:47:40'),(250,23,23,'ios','4','Release','Change app name','{\"ipa\": \"/release/250/UserIntelligentStore.ipa\", \"plist\": \"/release/250/manifest-ios.plist\", \"bundle-title\": \"1.0.0\", \"bundle-version\": \"1.0.0\", \"bundle-identifier\": \"com.enjoyworks.iot.user.interlligent\"}',NULL,'2022-10-04 02:57:31','2022-10-04 02:57:31'),(251,24,26,'ios','9','Release test','','{\"ipa\": \"/release/251/PlaymoonguIOT.ipa\", \"plist\": \"/release/251/manifest-ios.plist\", \"bundle-title\": \"1.0.0\", \"bundle-version\": \"1.0.0\", \"bundle-identifier\": \"com.enjoyworks.iot.smartkiosk\"}',NULL,'2022-10-04 03:11:31','2022-10-04 03:11:31'),(252,24,24,'android','1.0.4','IOT User App','','{\"apk\": \"/release/252/app-staging-104.apk\"}',NULL,'2022-10-04 06:42:14','2022-10-04 06:42:14'),(253,30,34,'android','1.0.0','Demo','Account test: admin/123456\r\nOr Register to login.','{\"apk\": \"/release/253/app-dev-debug.apk\"}',NULL,'2022-10-04 09:40:07','2022-10-04 09:40:07'),(254,27,29,'ios','1.4.1','GoodTraepay Staging','','{\"ipa\": \"/release/254/BuyeoPay.ipa\", \"plist\": \"/release/254/manifest-ios.plist\", \"bundle-title\": \"GoodTraepay Staging\", \"bundle-version\": \"1.4.1\", \"bundle-identifier\": \"com.kr.buyeo\"}',NULL,'2022-10-04 09:40:57','2022-10-04 09:40:57'),(255,24,26,'ios','10','Test','','{\"ipa\": \"/release/255/PlaymoonguIOT.ipa\", \"plist\": \"/release/255/manifest-ios.plist\", \"bundle-title\": \"1.0.0\", \"bundle-version\": \"1.0.0\", \"bundle-identifier\": \"com.enjoyworks.iot.smartkiosk\"}',NULL,'2022-10-05 02:28:49','2022-10-05 02:28:49'),(256,23,23,'android','1.0.7','Intelligent User Store','','{\"apk\": \"/release/256/Intelligent_User_Store_107.apk\"}',NULL,'2022-10-05 02:33:45','2022-10-05 02:33:45'),(257,22,21,'android','1.2.6','Intelligent Admin Store','','{\"apk\": \"/release/257/Intelligent_Store_126.apk\"}',NULL,'2022-10-05 02:34:25','2022-10-05 02:34:25'),(258,24,24,'android','1.0.5','IOT User App','','{\"apk\": \"/release/258/IOT-User-App-105.apk\"}',NULL,'2022-10-05 02:39:30','2022-10-05 02:39:30'),(259,29,32,'android','1.0.2','IOT NFC Admin','','{\"apk\": \"/release/259/IOT-NFC-Admin-102.apk\"}',NULL,'2022-10-05 02:39:53','2022-10-05 02:39:53'),(260,30,34,'ios','1.0','Jinan Demo','','{\"ipa\": \"/release/260/Civil-Kiosk.ipa\", \"plist\": \"/release/260/manifest-ios.plist\", \"bundle-title\": \"Jinan Demo\", \"bundle-version\": \"1.0\", \"bundle-identifier\": \"com.enjoyworks.civil-kiosk\"}',NULL,'2022-10-05 02:44:27','2022-10-05 02:44:27'),(261,1,2,'ios','1.2.1','Release','change domain','{\"ipa\": \"/release/261/playmoongu_admin_ios.ipa\", \"plist\": \"/release/261/manifest-ios.plist\", \"bundle-title\": \"문구야놀자(가맹점)\", \"bundle-version\": \"1.2.1\", \"bundle-identifier\": \"com.enjoyworks.playmoongu.admin\"}',NULL,'2022-10-05 03:20:21','2022-10-05 03:20:21'),(262,1,2,'android','1.2.7','Test Staging','','{\"apk\": \"/release/262/app-staging.apk\"}',NULL,'2022-10-05 03:26:58','2022-10-05 03:26:58'),(263,24,24,'ios','10','Release Stg','','{\"ipa\": \"/release/263/PlaymoonguIOT-stg.ipa\", \"plist\": \"/release/263/manifest-ios.plist\", \"bundle-title\": \"1.0.0\", \"bundle-version\": \"1.0.0\", \"bundle-identifier\": \"com.enjoyworks.iot.smartkiosk\"}',NULL,'2022-10-05 03:28:58','2022-10-05 03:28:58'),(264,24,25,'android','1.0.3','IOT User App','- Apply check token before scan NFC','{\"apk\": \"/release/264/app-dev-debug.apk\"}',NULL,'2022-10-05 03:35:47','2022-10-05 03:35:47'),(265,28,30,'ios','2.1.2','Test in app purchase','Test in app purchase','{\"ipa\": \"/release/265/Sphokidz.ipa\", \"plist\": \"/release/265/manifest-ios.plist\", \"bundle-title\": \"스포키즈\", \"bundle-version\": \"2.1.2\", \"bundle-identifier\": \"com.iaurora.sphoiler.kids\"}',NULL,'2022-10-05 04:21:09','2022-10-05 04:21:09'),(266,1,3,'android','1.2.7','Test dev','','{\"apk\": \"/release/266/app-debug.apk\"}',NULL,'2022-10-05 06:42:01','2022-10-05 06:42:01'),(267,28,30,'ios','2.1.2','Add new device','Add new device','{\"ipa\": \"/release/267/Sphokidz.ipa\", \"plist\": \"/release/267/manifest-ios.plist\", \"bundle-title\": \"스포키즈\", \"bundle-version\": \"2.1.2\", \"bundle-identifier\": \"com.iaurora.sphoiler.kids\"}',NULL,'2022-10-05 08:11:18','2022-10-05 08:11:18'),(268,24,25,'android','1.0.4','IOT User App','','{\"apk\": \"/release/268/app-dev-debug.apk\"}',NULL,'2022-10-05 08:13:47','2022-10-05 08:13:47'),(269,28,30,'ios','2.1.2','release','Release','{\"ipa\": \"/release/269/Sphokidz.ipa\", \"plist\": \"/release/269/manifest-ios.plist\", \"bundle-title\": \"스포키즈\", \"bundle-version\": \"2.1.2\", \"bundle-identifier\": \"com.iaurora.sphoiler.kids\"}',NULL,'2022-10-05 08:42:38','2022-10-05 08:42:38'),(270,24,24,'android','1.0.6','IOT User App','','{\"apk\": \"/release/270/IOT-User-App-106.apk\"}',NULL,'2022-10-05 09:24:37','2022-10-05 09:24:37'),(271,29,32,'android','1.0.3','IOT NFC Admin App','','{\"apk\": \"/release/271/IOT-NFC-Admin-App-103.apk\"}',NULL,'2022-10-05 09:26:19','2022-10-05 09:26:19'),(272,22,21,'android','1.2.7','Intelligent Admin Store','','{\"apk\": \"/release/272/Intelligent_Store_127.apk\"}',NULL,'2022-10-05 09:27:58','2022-10-05 09:27:58'),(273,23,23,'android','1.0.8','Intelligent User Store','','{\"apk\": \"/release/273/Intelligent_User_Store_108.apk\"}',NULL,'2022-10-05 09:29:12','2022-10-05 09:29:12'),(274,24,24,'android','1.0.7','IOT User App','','{\"apk\": \"/release/274/IOT-User-App-107.apk\"}',NULL,'2022-10-06 02:08:54','2022-10-06 02:08:54'),(275,29,32,'android','1.0.4','IOT NFC Admin App','','{\"apk\": \"/release/275/IOT-NFC-Admin-App.apk\"}',NULL,'2022-10-06 02:10:58','2022-10-06 02:10:58'),(276,22,21,'android','1.2.8','Intelligent Admin Store App','','{\"apk\": \"/release/276/Intelligent_Store_128.apk\"}',NULL,'2022-10-06 02:13:52','2022-10-06 02:13:52'),(277,23,23,'android','1.0.9','Intelligent User Store App','','{\"apk\": \"/release/277/Intelligent_User_Store_109.apk\"}',NULL,'2022-10-06 02:15:15','2022-10-06 02:15:15'),(278,29,31,'android','1.0.4','IOT NFC Admin App','','{\"apk\": \"/release/278/IOT-NFC-Admin-104.apk\"}',NULL,'2022-10-06 02:36:28','2022-10-06 02:36:28'),(279,26,28,'windows','1.0.5','친구야 놀자-20221006','- Change QR code of database','{\"apk\": \"/release/279/친구야 놀자-20221006.zip\"}',NULL,'2022-10-06 03:32:44','2022-10-06 03:32:44'),(280,24,26,'ios','12','Release test','','{\"ipa\": \"/release/280/PlaymoonguIOT.ipa\", \"plist\": \"/release/280/manifest-ios.plist\", \"bundle-title\": \"1.0.0\", \"bundle-version\": \"1.0.0\", \"bundle-identifier\": \"com.enjoyworks.iot.smartkiosk\"}',NULL,'2022-10-06 03:54:04','2022-10-06 03:54:04'),(281,24,25,'android','1.0.4','IOT User App','','{\"apk\": \"/release/281/app-dev-debug.apk\"}',NULL,'2022-10-06 04:18:07','2022-10-06 04:18:07'),(282,25,27,'android','1.0.0','Conservation Room Reservation','','{\"apk\": \"/release/282/app-staging-debug.apk\"}',NULL,'2022-10-06 04:22:58','2022-10-06 04:22:58'),(283,24,25,'android','1.0.4','IOT User App','','{\"apk\": \"/release/283/app-dev-debug.apk\"}',NULL,'2022-10-06 06:15:12','2022-10-06 06:15:12'),(284,27,29,'ios','1.4.1','GoodTraepay Staging','','{\"ipa\": \"/release/284/BuyeoPay.ipa\", \"plist\": \"/release/284/manifest-ios.plist\", \"bundle-title\": \"GoodTraepay Staging\", \"bundle-version\": \"1.4.1\", \"bundle-identifier\": \"com.kr.buyeo\"}',NULL,'2022-10-06 08:15:49','2022-10-06 08:15:49'),(285,27,29,'android','1.0.2','Goodtraepay version 1.0.2','','{\"apk\": \"/release/285/goodtraepay-v1.0.2.apk\"}',NULL,'2022-10-06 08:23:32','2022-10-06 08:23:32'),(286,24,25,'android','1.0.4','IOT User App','','{\"apk\": \"/release/286/IOT-User-Test-App-104.apk\"}',NULL,'2022-10-06 08:39:42','2022-10-06 08:39:42'),(287,24,24,'ios','1.0.0','Release Stg','','{\"ipa\": \"/release/287/PlaymoonguIOT.ipa\", \"plist\": \"/release/287/manifest-ios.plist\", \"bundle-title\": \"12\", \"bundle-version\": \"12\", \"bundle-identifier\": \"com.enjoyworks.iot.smartkiosk\"}',NULL,'2022-10-06 08:43:04','2022-10-06 08:43:04'),(288,24,25,'android','1.0.5','IOT-User App','','{\"apk\": \"/release/288/IOT-User-Test-App-105.apk\"}',NULL,'2022-10-06 08:58:33','2022-10-06 08:58:33'),(289,26,28,'windows','1.0.6','친구야 놀자-20221007','- Change the back button in chatbot \'챗봇 종료\'\r\n- Disable send button when text empty\r\n- Add close magnifier button','{\"apk\": \"/release/289/친구야 놀자-20221007.zip\"}',NULL,'2022-10-07 02:34:03','2022-10-07 02:34:03'),(290,24,24,'android','1.0.8','IOT User Staging App','','{\"apk\": \"/release/290/IOT-User-Staging-App-108.apk\"}',NULL,'2022-10-07 02:42:10','2022-10-07 02:42:10'),(291,26,28,'windows','1.0.6','친구야 놀자-20221007-2','- Cancel close popup doesn\'t rerecord','{\"apk\": \"/release/291/친구야 놀자-20221007-2.zip\"}',NULL,'2022-10-07 03:58:19','2022-10-07 03:58:19'),(292,24,24,'android','1.0.9','IOT User App','','{\"apk\": \"/release/292/iot-user-app-109.apk\"}',NULL,'2022-10-07 09:19:48','2022-10-07 09:19:48'),(293,24,24,'android','1.0.9','IOT User App','','{\"apk\": \"/release/293/IOT-user-app-109.apk\"}',NULL,'2022-10-07 09:26:48','2022-10-07 09:26:48'),(294,24,25,'android','1.0.6','IOT User App','','{\"apk\": \"/release/294/iot-user-app-106.apk\"}',NULL,'2022-10-10 03:03:03','2022-10-10 03:03:03'),(295,27,29,'android','1.0.3','Good traepay new server','URL http://43.200.4.48/','{\"apk\": \"/release/295/goodtraepay-debug-sv-moi.apk\"}',NULL,'2022-10-10 04:08:07','2022-10-10 04:08:07'),(296,25,27,'android','1.0.0','Fix bug','- Fix bug keyboard, login with case not check remember\r\n- Fix bug format time','{\"apk\": \"/release/296/app-staging-debug.apk\"}',NULL,'2022-10-10 07:31:59','2022-10-10 07:31:59'),(297,27,29,'android','1.0.4','Goodtraepay New FE server','','{\"apk\": \"/release/297/goodtraepay-debug-new-sv_2.apk\"}',NULL,'2022-10-10 08:27:58','2022-10-10 08:27:58'),(298,24,24,'android','1.1.0','IOT User App','','{\"apk\": \"/release/298/IOT-User-App-Staging-110.apk\"}',NULL,'2022-10-10 09:59:33','2022-10-10 09:59:33'),(299,24,24,'ios','13','Release Stg','','{\"ipa\": \"/release/299/PlaymoonguIOT-stg.ipa\", \"plist\": \"/release/299/manifest-ios.plist\", \"bundle-title\": \"1.0.0\", \"bundle-version\": \"1.0.0\", \"bundle-identifier\": \"com.enjoyworks.iot.smartkiosk\"}',NULL,'2022-10-11 01:45:27','2022-10-11 01:45:27'),(300,24,26,'ios','14','Release dev','','{\"ipa\": \"/release/300/PlaymoonguIOT.ipa\", \"plist\": \"/release/300/manifest-ios.plist\", \"bundle-title\": \"1.0.0\", \"bundle-version\": \"1.0.0\", \"bundle-identifier\": \"com.enjoyworks.iot.smartkiosk\"}',NULL,'2022-10-11 02:58:56','2022-10-11 02:58:56'),(301,24,24,'android','1.1.1','IOT User Staging','','{\"apk\": \"/release/301/IOT-User-Staging-111.apk\"}',NULL,'2022-10-11 03:28:22','2022-10-11 03:28:22'),(302,24,24,'ios','14','Release Stg','','{\"ipa\": \"/release/302/PlaymoonguIOT-stg.ipa\", \"plist\": \"/release/302/manifest-ios.plist\", \"bundle-title\": \"1.0.0\", \"bundle-version\": \"1.0.0\", \"bundle-identifier\": \"com.enjoyworks.iot.smartkiosk\"}',NULL,'2022-10-11 03:28:32','2022-10-11 03:28:32'),(303,24,24,'android','1.1.2','IOT User App','','{\"apk\": \"/release/303/IOT-User-Staging-112.apk\"}',NULL,'2022-10-11 04:23:09','2022-10-11 04:23:09'),(304,24,25,'android','1.0.6','IOT User App','','{\"apk\": \"/release/304/app-dev-debug.apk\"}',NULL,'2022-10-11 04:24:37','2022-10-11 04:24:37'),(305,24,26,'ios','15','Dev','','{\"ipa\": \"/release/305/PlaymoonguIOT.ipa\", \"plist\": \"/release/305/manifest-ios.plist\", \"bundle-title\": \"1.0.0\", \"bundle-version\": \"1.0.0\", \"bundle-identifier\": \"com.enjoyworks.iot.smartkiosk\"}',NULL,'2022-10-11 06:46:31','2022-10-11 06:46:31'),(306,28,30,'ios','2.1.2','Add new device ','Add new device ','{\"ipa\": \"/release/306/Sphokidz.ipa\", \"plist\": \"/release/306/manifest-ios.plist\", \"bundle-title\": \"스포키즈\", \"bundle-version\": \"2.1.2\", \"bundle-identifier\": \"com.iaurora.sphoiler.kids\"}',NULL,'2022-10-11 07:37:41','2022-10-11 07:37:41'),(307,24,26,'ios','16','DEV','','{\"ipa\": \"/release/307/PlaymoonguIOT.ipa\", \"plist\": \"/release/307/manifest-ios.plist\", \"bundle-title\": \"1.0.0\", \"bundle-version\": \"1.0.0\", \"bundle-identifier\": \"com.enjoyworks.iot.smartkiosk\"}',NULL,'2022-10-11 08:11:47','2022-10-11 08:11:47'),(308,24,26,'ios','1.0.1','DEV','','{\"ipa\": \"/release/308/PlaymoonguIOT.ipa\", \"plist\": \"/release/308/manifest-ios.plist\", \"bundle-title\": \"1.0.1\", \"bundle-version\": \"1.0.1\", \"bundle-identifier\": \"com.enjoyworks.iot.smartkiosk\"}',NULL,'2022-10-12 02:07:38','2022-10-12 02:07:38'),(309,24,24,'android','1.1.3','IOT User App','','{\"apk\": \"/release/309/IOT-User-Staging-App-113.apk\"}',NULL,'2022-10-12 03:17:54','2022-10-12 03:17:55'),(310,24,24,'ios','1.0.0','Release STG','','{\"ipa\": \"/release/310/PlaymoonguIOT-stg.ipa\", \"plist\": \"/release/310/manifest-ios.plist\", \"bundle-title\": \"1.0.0\", \"bundle-version\": \"1.0.0\", \"bundle-identifier\": \"com.enjoyworks.iot.smartkiosk\"}',NULL,'2022-10-12 03:21:10','2022-10-12 03:21:10'),(311,24,24,'android','1.1.3','IOT User App','','{\"apk\": \"/release/311/IOT-User-Staging-113.apk\"}',NULL,'2022-10-12 05:40:22','2022-10-12 05:40:22'),(312,24,24,'android','1.1.3','IOT App User','','{\"apk\": \"/release/312/app-staging-debug.apk\"}',NULL,'2022-10-12 06:24:27','2022-10-12 06:24:27'),(313,26,28,'windows','1.0.6','친구야 놀자-20221012','- Add chatbot product response','{\"apk\": \"/release/313/친구야 놀자-20221012.zip\"}',NULL,'2022-10-12 08:21:45','2022-10-12 08:21:45'),(314,24,24,'ios','1.0.0','release STG','','{\"ipa\": \"/release/314/PlaymoonguIOT-stg.ipa\", \"plist\": \"/release/314/manifest-ios.plist\", \"bundle-title\": \"1.0.0\", \"bundle-version\": \"1.0.0\", \"bundle-identifier\": \"com.enjoyworks.iot.smartkiosk\"}',NULL,'2022-10-12 09:07:15','2022-10-12 09:07:15'),(315,26,28,'windows','1.0.6','친구야 놀자-20221013','- Fix wrap product name in chatbot\r\n- Remove fake products','{\"apk\": \"/release/315/친구야 놀자-20221013.zip\"}',NULL,'2022-10-13 03:59:54','2022-10-13 03:59:54'),(316,24,26,'ios','1.0.1','DEV','','{\"ipa\": \"/release/316/PlaymoonguIOT.ipa\", \"plist\": \"/release/316/manifest-ios.plist\", \"bundle-title\": \"1.0.1\", \"bundle-version\": \"1.0.1\", \"bundle-identifier\": \"com.enjoyworks.iot.smartkiosk\"}',NULL,'2022-10-13 04:51:34','2022-10-13 04:51:34'),(317,24,26,'ios','1.0.1','DEV','','{\"ipa\": \"/release/317/PlaymoonguIOT.ipa\", \"plist\": \"/release/317/manifest-ios.plist\", \"bundle-title\": \"1.0.1\", \"bundle-version\": \"1.0.1\", \"bundle-identifier\": \"com.enjoyworks.iot.smartkiosk\"}',NULL,'2022-10-13 09:55:58','2022-10-13 09:55:58'),(318,24,26,'ios','1.0.1','DEV','','{\"ipa\": \"/release/318/PlaymoonguIOT.ipa\", \"plist\": \"/release/318/manifest-ios.plist\", \"bundle-title\": \"1.0.1\", \"bundle-version\": \"1.0.1\", \"bundle-identifier\": \"com.enjoyworks.iot.smartkiosk\"}',NULL,'2022-10-13 10:03:34','2022-10-13 10:03:34'),(319,24,25,'android','1.0.6','IOT User App','','{\"apk\": \"/release/319/app-dev-debug.apk\"}',NULL,'2022-10-13 10:08:51','2022-10-13 10:08:51'),(320,30,34,'android','1.0.0','Update UI/UX','','{\"apk\": \"/release/320/app-dev-debug.apk\"}',NULL,'2022-10-13 10:13:10','2022-10-13 10:13:10'),(321,24,24,'ios','1.0.1','Release Stg','','{\"ipa\": \"/release/321/PlaymoonguIOT-stg.ipa\", \"plist\": \"/release/321/manifest-ios.plist\", \"bundle-title\": \"1.0.1\", \"bundle-version\": \"1.0.1\", \"bundle-identifier\": \"com.enjoyworks.iot.smartkiosk\"}',NULL,'2022-10-14 06:22:14','2022-10-14 06:22:14'),(323,24,24,'android','1.1.3','IOT User App','','{\"apk\": \"/release/323/app-staging-debug.apk\"}',NULL,'2022-10-14 07:03:34','2022-10-14 07:03:34'),(324,24,24,'android','1.1.4','IOT User App','','{\"apk\": \"/release/324/app-staging-debug-114.apk\"}',NULL,'2022-10-14 07:05:58','2022-10-14 07:05:58'),(325,24,25,'android','1.0.6','IOT User App','','{\"apk\": \"/release/325/app-staging-debug-106.apk\"}',NULL,'2022-10-14 07:12:00','2022-10-14 07:12:00'),(326,24,24,'android','1.0.6','IOT User App','','{\"apk\": \"/release/326/app-dev-debug.apk\"}',NULL,'2022-10-14 07:19:16','2022-10-14 07:19:16'),(327,24,24,'android','1.1.5','IOT User App','','{\"apk\": \"/release/327/app-staging-debug-115.apk\"}',NULL,'2022-10-14 08:44:06','2022-10-14 08:44:06'),(328,24,25,'android','1.0.7','IOT User App','','{\"apk\": \"/release/328/app-dev-debug-107.apk\"}',NULL,'2022-10-14 09:13:46','2022-10-14 09:13:46'),(329,24,26,'ios','1.0.1','DEV','','{\"ipa\": \"/release/329/PlaymoonguIOT.ipa\", \"plist\": \"/release/329/manifest-ios.plist\", \"bundle-title\": \"1.0.1\", \"bundle-version\": \"1.0.1\", \"bundle-identifier\": \"com.enjoyworks.iot.smartkiosk\"}',NULL,'2022-10-17 01:52:30','2022-10-17 01:52:30'),(330,24,26,'ios','1.0.1','DEV','','{\"ipa\": \"/release/330/PlaymoonguIOT.ipa\", \"plist\": \"/release/330/manifest-ios.plist\", \"bundle-title\": \"1.0.1\", \"bundle-version\": \"1.0.1\", \"bundle-identifier\": \"com.enjoyworks.iot.smartkiosk\"}',NULL,'2022-10-17 04:01:07','2022-10-17 04:01:07'),(331,24,25,'android','1.0.7','IOT User App','','{\"apk\": \"/release/331/app-dev-debug-107.apk\"}',NULL,'2022-10-17 04:27:27','2022-10-17 04:27:27'),(332,24,24,'ios','1.0.1','Release Stg','','{\"ipa\": \"/release/332/PlaymoonguIOT-stg.ipa\", \"plist\": \"/release/332/manifest-ios.plist\", \"bundle-title\": \"1.0.1\", \"bundle-version\": \"1.0.1\", \"bundle-identifier\": \"com.enjoyworks.iot.smartkiosk\"}',NULL,'2022-10-17 05:44:59','2022-10-17 05:44:59'),(333,24,24,'android','1.1.6','IOT User App','','{\"apk\": \"/release/333/app-staging-debug-116.apk\"}',NULL,'2022-10-17 05:56:01','2022-10-17 05:56:01'),(334,24,24,'ios','1.0.2','Release STG','','{\"ipa\": \"/release/334/PlaymoonguIOT-stg.ipa\", \"plist\": \"/release/334/manifest-ios.plist\", \"bundle-title\": \"1.0.2\", \"bundle-version\": \"1.0.2\", \"bundle-identifier\": \"com.enjoyworks.iot.smartkiosk\"}',NULL,'2022-10-17 05:57:29','2022-10-17 05:57:29'),(335,26,28,'windows','1.0.6','친구야 놀자-20221017','- Remove unnamed camera','{\"apk\": \"/release/335/친구야 놀자-20221017.zip\"}',NULL,'2022-10-17 07:30:03','2022-10-17 07:30:03'),(336,30,34,'android','1.0.0','Demo','26933,26935,26931,26829,26825,26821,26818,26828','{\"apk\": \"/release/336/app-dev-debug.apk\"}',NULL,'2022-10-18 01:21:08','2022-10-18 01:21:08'),(337,24,26,'ios','1.0.1','DEV','DEV','{\"ipa\": \"/release/337/PlaymoonguIOT.ipa\", \"plist\": \"/release/337/manifest-ios.plist\", \"bundle-title\": \"1.0.1\", \"bundle-version\": \"1.0.1\", \"bundle-identifier\": \"com.enjoyworks.iot.smartkiosk\"}',NULL,'2022-10-18 02:38:33','2022-10-18 02:38:33'),(338,24,26,'ios','1.0.1','DEV','','{\"ipa\": \"/release/338/PlaymoonguIOT.ipa\", \"plist\": \"/release/338/manifest-ios.plist\", \"bundle-title\": \"1.0.1\", \"bundle-version\": \"1.0.1\", \"bundle-identifier\": \"com.enjoyworks.iot.smartkiosk\"}',NULL,'2022-10-18 06:17:19','2022-10-18 06:17:19'),(339,24,26,'ios','1.0.1','DEV','','{\"ipa\": \"/release/339/PlaymoonguIOT.ipa\", \"plist\": \"/release/339/manifest-ios.plist\", \"bundle-title\": \"1.0.1\", \"bundle-version\": \"1.0.1\", \"bundle-identifier\": \"com.enjoyworks.iot.smartkiosk\"}',NULL,'2022-10-18 06:43:29','2022-10-18 06:43:29'),(341,26,28,'windows','1.0.6','친구야 놀자-20221019.zip','- Change chatbot API to https://serengeti.maum.ai/api.app/app/v2/handle/catalog/instance/lifecycle/executes\r\n','{\"apk\": \"/release/341/친구야 놀자-20221019.zip\"}',NULL,'2022-10-19 01:59:55','2022-10-19 01:59:55'),(342,25,27,'ios','1.0.0','Demo ','Demo','{\"ipa\": \"/release/342/ConferenceRoomReservation.ipa\", \"plist\": \"/release/342/manifest-ios.plist\", \"bundle-title\": \"ConferenceRoomReservation\", \"bundle-version\": \"1.0.0\", \"bundle-identifier\": \"enjoy.work.conference.room.reservation\"}',NULL,'2022-10-19 02:13:13','2022-10-19 02:13:13'),(343,27,29,'android','1.0.0','Fix bug','Fix 26878','{\"apk\": \"/release/343/app-debug.apk\"}',NULL,'2022-10-20 06:17:58','2022-10-20 06:17:58'),(344,24,24,'android','1.0.0','IOT User Release App','','{\"apk\": \"/release/344/app-staging-release.apk\"}',NULL,'2022-10-20 06:35:35','2022-10-20 06:35:35'),(345,30,34,'android','1.0.0','Fix bug','','{\"apk\": \"/release/345/app-dev-debug.apk\"}',NULL,'2022-10-20 08:19:18','2022-10-20 08:19:18'),(346,1,1,'android','1.0','title 1','note 1','{\"apk\": \"/release/346/download_1.jpg\"}',NULL,'2022-12-29 03:40:34','2022-12-29 03:40:34');
/*!40000 ALTER TABLE `releases` ENABLE KEYS */;
UNLOCK TABLES;

--
-- Table structure for table `role_users`
--

DROP TABLE IF EXISTS `role_users`;
/*!40101 SET @saved_cs_client     = @@character_set_client */;
/*!50503 SET character_set_client = utf8mb4 */;
CREATE TABLE `role_users` (
  `id` bigint unsigned NOT NULL AUTO_INCREMENT,
  `user_id` bigint unsigned DEFAULT NULL,
  `role_id` bigint unsigned DEFAULT NULL,
  PRIMARY KEY (`id`)
) ENGINE=InnoDB AUTO_INCREMENT=33 DEFAULT CHARSET=utf8mb4 COLLATE=utf8mb4_0900_ai_ci;
/*!40101 SET character_set_client = @saved_cs_client */;

--
-- Dumping data for table `role_users`
--

LOCK TABLES `role_users` WRITE;
/*!40000 ALTER TABLE `role_users` DISABLE KEYS */;
INSERT INTO `role_users` VALUES (5,5,1),(8,2,1),(9,2,2),(10,1,1),(13,7,1),(15,9,1),(16,10,1),(17,11,1),(18,12,2),(20,4,1),(21,13,1),(22,14,1),(23,15,1),(24,3,1),(25,3,2),(28,6,2),(30,16,2),(31,17,1),(32,8,1);
/*!40000 ALTER TABLE `role_users` ENABLE KEYS */;
UNLOCK TABLES;

--
-- Table structure for table `roles`
--

DROP TABLE IF EXISTS `roles`;
/*!40101 SET @saved_cs_client     = @@character_set_client */;
/*!50503 SET character_set_client = utf8mb4 */;
CREATE TABLE `roles` (
  `id` bigint unsigned NOT NULL AUTO_INCREMENT,
  `role_name` varchar(191) DEFAULT NULL,
  `display_name` varchar(191) DEFAULT NULL,
  PRIMARY KEY (`id`)
) ENGINE=InnoDB AUTO_INCREMENT=3 DEFAULT CHARSET=utf8mb4 COLLATE=utf8mb4_0900_ai_ci;
/*!40101 SET character_set_client = @saved_cs_client */;

--
-- Dumping data for table `roles`
--

LOCK TABLES `roles` WRITE;
/*!40000 ALTER TABLE `roles` DISABLE KEYS */;
INSERT INTO `roles` VALUES (1,'user','User'),(2,'admin','Admin');
/*!40000 ALTER TABLE `roles` ENABLE KEYS */;
UNLOCK TABLES;

--
-- Table structure for table `users`
--

DROP TABLE IF EXISTS `users`;
/*!40101 SET @saved_cs_client     = @@character_set_client */;
/*!50503 SET character_set_client = utf8mb4 */;
CREATE TABLE `users` (
  `id` bigint unsigned NOT NULL AUTO_INCREMENT,
  `name` varchar(255) CHARACTER SET utf8mb4 COLLATE utf8mb4_unicode_ci NOT NULL,
  `email` varchar(255) CHARACTER SET utf8mb4 COLLATE utf8mb4_unicode_ci NOT NULL,
  `email_verified_at` timestamp NULL DEFAULT NULL,
  `password` varchar(255) CHARACTER SET utf8mb4 COLLATE utf8mb4_unicode_ci NOT NULL,
  `remember_token` varchar(100) CHARACTER SET utf8mb4 COLLATE utf8mb4_unicode_ci DEFAULT NULL,
  `created_at` timestamp NULL DEFAULT NULL,
  `updated_at` timestamp NULL DEFAULT NULL,
  PRIMARY KEY (`id`),
  UNIQUE KEY `users_email_unique` (`email`)
) ENGINE=InnoDB AUTO_INCREMENT=18 DEFAULT CHARSET=utf8mb4 COLLATE=utf8mb4_unicode_ci;
/*!40101 SET character_set_client = @saved_cs_client */;

--
-- Dumping data for table `users`
--

LOCK TABLES `users` WRITE;
/*!40000 ALTER TABLE `users` DISABLE KEYS */;
INSERT INTO `users` VALUES (3,'test','test@gmail.com',NULL,'$2y$10$2t9AoYe9zanz4YXk4Znk..1N1EDWbALdv5e0.ClVn1C/RstCxofqi',NULL,'2022-08-08 08:54:12','2022-08-08 08:54:12'),(5,'hieu tran','hieu@gmail.com',NULL,'$2y$10$1X.WtiuZY4c85oVGCqsGMe6ofIp/OoWVRrpbEEUHyMju0ppZBBzWW',NULL,'2022-08-11 12:55:17','2022-08-11 12:55:17'),(6,'khoa.trananh90','khoa.trananh90@enjoyworks.co.kr',NULL,'$2y$10$njh8gVWRqLNoX/flkWv6p.Vy8B3bXo/m7LTaxE1Jt7l6awp0qwCGy',NULL,'2022-08-12 03:25:03','2022-08-12 03:25:03'),(7,'lttung','lttung@enjoyworks.co.kr',NULL,'$2y$10$G2rxcfRSgkcWG7iaXRxZe.A15DKpkC20CAZBzg5imdzlK4iBftWWG',NULL,'2022-08-12 03:25:17','2022-08-12 03:25:17'),(8,'nguyenthanhtung','nguyenthanhtung@enjoyworks.co.kr',NULL,'$2y$10$GzolGIbKZh1ycTKbUqUisO4uA9gVvDbXSW/eBoyxEf5/bGfGiE...',NULL,'2022-08-12 03:25:28','2022-08-12 03:25:28'),(9,'nngiau','nngiau@enjoyworks.co.kr',NULL,'$2y$10$5z9P9DNWon1a4lO1hADJueY52uPfFxsN9Fn0oD9k7WbKbmQqRAnp2',NULL,'2022-08-12 03:25:42','2022-08-12 03:25:42'),(10,'tbtuan','tbtuan@enjoyworks.co.kr',NULL,'$2y$10$5rv9LoE/DdHmOpPbBQtq6uafPdMbqdT4yU6416tFVG5GkdDn.bO0a',NULL,'2022-08-12 03:25:51','2022-08-12 03:25:51'),(11,'vmlong','vmlong@enjoyworks.co.kr',NULL,'$2y$10$oT/LRzZTQ3r6.gpU56AG5ej/zCf4QvsNbKSzVPPz.EPxAbtjfWWMm',NULL,'2022-08-12 03:25:59','2022-08-12 03:25:59'),(12,'thaitran','thaitran@enjoyworks.co.kr',NULL,'$2y$10$Nxmc/rNjJAfytbp6nDQSAuqUn3v.YVnI9hb.mZG.VihImQEqILFyG',NULL,'2022-08-12 03:27:15','2022-08-12 03:27:15'),(16,'tuannet','leanhtuan@enjoyworks.co.kr',NULL,'$2y$10$YdUCacrMVSBUC0YcD344CuCw1SNOSOWi6SiSk/vRYPJVtza/oTuWq',NULL,'2022-08-24 03:52:09','2022-08-24 03:52:09'),(17,'Chinh','tranquocchinh@enjoyworks.co.kr',NULL,'$2y$10$ui9SrFD9z3Vky7CqEr5CheBQ876atX/yij8cVNGaxxwZuZ.7l43zy',NULL,'2022-08-24 03:56:19','2022-08-24 03:56:19');
/*!40000 ALTER TABLE `users` ENABLE KEYS */;
UNLOCK TABLES;
/*!40103 SET TIME_ZONE=@OLD_TIME_ZONE */;

/*!40101 SET SQL_MODE=@OLD_SQL_MODE */;
/*!40014 SET FOREIGN_KEY_CHECKS=@OLD_FOREIGN_KEY_CHECKS */;
/*!40014 SET UNIQUE_CHECKS=@OLD_UNIQUE_CHECKS */;
/*!40101 SET CHARACTER_SET_CLIENT=@OLD_CHARACTER_SET_CLIENT */;
/*!40101 SET CHARACTER_SET_RESULTS=@OLD_CHARACTER_SET_RESULTS */;
/*!40101 SET COLLATION_CONNECTION=@OLD_COLLATION_CONNECTION */;
/*!40111 SET SQL_NOTES=@OLD_SQL_NOTES */;

-- Dump completed on 2023-04-17 16:52:05
